EmployeeID,Age,Gender,MaritalStatus,Department,JobRole,EducationField,Education,MonthlyIncome,PercentSalaryHike,YearsAtCompany,YearsInCurrentRole,TotalWorkingYears,NumCompaniesWorked,DistanceFromHome,OverTime,JobSatisfaction,EnvironmentSatisfaction,WorkLifeBalance,PerformanceRating,TrainingTimesLastYear,StockOptionLevel,Attrition
EMP0001,58,Female,Single,Sales,Manager,Medical,2,4367,19,34,2,34,9,17,No,1,1,1,3,0,1,Yes
EMP0002,46,Male,Divorced,Research & Development,Research Scientist,Technical Degree,3,10114,15,9,6,28,5,12,No,3,1,1,3,4,0,No
EMP0003,42,Female,Divorced,Sales,Sales Representative,Medical,1,2510,16,14,9,13,5,21,No,2,1,4,3,1,2,No
EMP0004,59,Male,Divorced,Sales,Manager,Other,2,6363,15,29,12,13,5,2,Yes,2,3,1,3,3,0,No
EMP0005,54,Male,Divorced,Research & Development,Manufacturing Director,Technical Degree,4,16044,12,9,8,7,8,5,Yes,3,4,4,3,3,0,Yes
EMP0006,28,Male,Married,Research & Development,Research Director,Technical Degree,5,16346,17,33,8,10,1,11,No,1,1,3,3,2,1,Yes
EMP0007,34,Male,Divorced,Human Resources,Human Resources,Marketing,5,7526,11,9,9,16,4,12,No,1,3,4,3,1,1,No
EMP0008,23,Male,Single,Research & Development,Research Scientist,Other,4,19024,25,10,8,5,5,13,No,4,2,2,3,3,3,Yes
EMP0009,22,Male,Single,Research & Development,Laboratory Technician,Life Sciences,1,8510,22,4,1,4,8,7,No,1,2,3,3,1,3,No
EMP0010,44,Female,Married,Sales,Sales Executive,Technical Degree,4,16312,17,3,3,17,7,18,Yes,3,1,2,3,1,1,Yes
EMP0011,22,Male,Divorced,Research & Development,Research Scientist,Human Resources,1,4065,17,15,5,4,6,6,No,4,2,4,4,0,2,No
EMP0012,53,Male,Single,Research & Development,Research Director,Marketing,2,2925,11,37,17,11,8,17,Yes,3,1,1,3,1,0,Yes
EMP0013,22,Female,Single,Research & Development,Laboratory Technician,Human Resources,2,19979,15,38,1,4,5,23,No,4,3,3,3,1,3,No
EMP0014,37,Male,Married,Research & Development,Research Scientist,Human Resources,5,4285,15,4,4,19,3,29,Yes,3,2,3,4,2,1,No
EMP0015,37,Female,Divorced,Research & Development,Research Scientist,Life Sciences,2,9675,21,7,3,19,5,23,No,2,3,3,3,1,2,No
EMP0016,21,Female,Single,Sales,Sales Representative,Life Sciences,3,5295,11,40,8,3,2,29,Yes,4,4,1,3,4,2,Yes
EMP0017,45,Female,Single,Sales,Sales Representative,Marketing,2,9185,11,6,6,21,2,26,No,4,2,2,4,3,1,No
EMP0018,44,Female,Single,Research & Development,Laboratory Technician,Other,1,13544,11,2,2,25,3,28,Yes,4,3,3,3,1,1,Yes
EMP0019,22,Female,Divorced,Human Resources,HR Manager,Human Resources,4,18579,22,21,0,4,6,20,Yes,3,2,3,3,2,2,No
EMP0020,50,Male,Married,Sales,Manager,Life Sciences,4,1064,16,33,17,19,5,22,No,2,3,4,3,4,0,No
EMP0021,60,Female,Divorced,Research & Development,Research Director,Medical,2,14786,20,24,5,29,6,7,No,3,4,1,3,6,2,No
EMP0022,31,Male,Married,Research & Development,Laboratory Technician,Human Resources,5,11992,24,5,5,13,7,8,No,2,2,2,3,4,0,No
EMP0023,58,Female,Married,Research & Development,Research Director,Medical,2,1190,23,6,6,33,7,4,Yes,4,1,2,4,1,3,No
EMP0024,56,Female,Divorced,Research & Development,Research Director,Technical Degree,2,16563,15,28,8,20,4,3,No,3,4,2,3,1,2,No
EMP0025,23,Female,Divorced,Sales,Sales Executive,Medical,2,3113,20,26,13,5,6,14,No,4,4,1,3,6,0,No
EMP0026,18,Female,Married,Research & Development,Manufacturing Director,Human Resources,5,8235,13,31,7,0,6,22,Yes,4,1,4,3,5,3,No
EMP0027,52,Male,Single,Sales,Sales Representative,Other,4,5455,23,29,5,16,6,11,Yes,4,3,2,3,2,3,No
EMP0028,48,Male,Married,Sales,Manager,Medical,1,2328,14,1,1,16,1,22,Yes,1,2,2,3,4,3,Yes
EMP0029,28,Male,Married,Research & Development,Research Scientist,Life Sciences,5,1850,22,19,18,10,3,23,No,4,4,2,3,0,2,No
EMP0030,54,Female,Divorced,Research & Development,Manufacturing Director,Marketing,1,17588,13,21,0,11,7,21,No,4,1,4,4,5,3,No
EMP0031,59,Female,Married,Sales,Manager,Technical Degree,5,9803,21,20,7,21,9,15,No,1,3,4,3,4,3,Yes
EMP0032,38,Female,Married,Sales,Sales Executive,Marketing,3,10061,14,35,0,20,8,16,No,2,1,2,3,6,3,Yes
EMP0033,19,Female,Divorced,Sales,Sales Executive,Medical,3,13101,14,30,17,1,4,9,No,4,3,3,3,2,0,No
EMP0034,52,Male,Single,Research & Development,Laboratory Technician,Other,4,10069,22,37,16,17,4,6,No,1,2,3,3,0,1,Yes
EMP0035,21,Female,Single,Research & Development,Laboratory Technician,Life Sciences,5,10326,12,30,15,3,1,16,No,2,1,3,4,6,3,Yes
EMP0036,58,Male,Divorced,Research & Development,Laboratory Technician,Marketing,1,9141,15,7,7,39,9,10,No,2,4,4,4,3,0,No
EMP0037,24,Male,Married,Research & Development,Laboratory Technician,Other,1,6155,11,15,5,6,7,20,No,2,1,4,3,2,1,No
EMP0038,47,Female,Divorced,Sales,Sales Executive,Human Resources,2,14939,22,7,7,28,4,6,Yes,2,3,2,3,4,2,Yes
EMP0039,37,Female,Married,Research & Development,Manufacturing Director,Life Sciences,5,2315,11,27,10,19,9,27,No,1,1,2,4,4,2,Yes
EMP0040,29,Female,Single,Research & Development,Research Director,Human Resources,4,17121,18,5,5,11,6,11,No,3,3,1,4,5,2,No
EMP0041,53,Female,Married,Sales,Sales Executive,Marketing,1,14253,18,32,0,3,9,12,No,4,4,1,3,6,3,No
EMP0042,53,Female,Divorced,Sales,Sales Representative,Technical Degree,1,1954,12,40,7,31,1,27,No,3,1,4,3,3,1,No
EMP0043,36,Female,Married,Research & Development,Manufacturing Director,Technical Degree,2,15976,25,35,4,0,6,28,No,2,1,3,3,2,2,Yes
EMP0044,37,Male,Married,Research & Development,Research Director,Human Resources,4,12318,17,21,17,19,3,23,No,4,4,3,4,4,1,Yes
EMP0045,48,Female,Divorced,Research & Development,Research Director,Other,2,17239,13,2,2,9,0,15,No,3,1,4,3,5,3,Yes
EMP0046,34,Male,Married,Research & Development,Research Director,Other,5,13461,12,20,15,6,3,10,No,1,1,2,3,5,3,No
EMP0047,24,Male,Single,Research & Development,Manufacturing Director,Marketing,1,10622,17,22,11,6,9,3,No,2,4,2,3,6,1,No
EMP0048,27,Female,Married,Sales,Manager,Marketing,1,16254,24,18,17,9,4,14,Yes,4,3,3,3,3,2,No
EMP0049,48,Female,Divorced,Sales,Sales Representative,Marketing,3,1727,16,25,8,30,9,8,Yes,1,4,3,3,6,1,Yes
EMP0050,34,Male,Divorced,Research & Development,Laboratory Technician,Other,1,11132,13,28,1,16,2,14,No,2,1,3,3,1,2,No
EMP0051,35,Female,Married,Research & Development,Manufacturing Director,Other,3,4782,19,29,2,17,0,13,Yes,2,4,3,3,2,0,Yes
EMP0052,34,Male,Divorced,Research & Development,Manufacturing Director,Medical,4,1829,13,39,17,2,6,10,No,2,1,4,4,0,0,Yes
EMP0053,49,Male,Married,Sales,Sales Executive,Technical Degree,3,18710,11,26,18,13,6,20,No,2,4,1,3,2,2,No
EMP0054,33,Female,Divorced,Research & Development,Research Scientist,Other,3,2993,11,25,8,15,9,21,Yes,1,4,1,3,0,2,No
EMP0055,54,Male,Divorced,Sales,Manager,Medical,2,11775,11,9,0,15,0,4,Yes,2,2,3,3,1,2,No
EMP0056,19,Male,Divorced,Sales,Sales Executive,Technical Degree,5,4733,23,4,4,1,0,20,No,3,1,4,3,5,2,No
EMP0057,19,Female,Married,Sales,Sales Representative,Other,1,17074,22,28,2,1,9,20,No,3,2,1,3,4,2,No
EMP0058,51,Female,Single,Sales,Manager,Other,1,19075,12,13,13,27,6,13,No,2,4,3,3,5,2,No
EMP0059,34,Female,Single,Research & Development,Laboratory Technician,Life Sciences,1,4063,21,27,3,16,8,18,No,3,2,1,3,2,0,Yes
EMP0060,60,Male,Married,Research & Development,Research Director,Human Resources,3,12531,12,6,6,36,8,12,No,2,4,2,3,2,2,Yes
EMP0061,45,Female,Single,Research & Development,Research Scientist,Medical,3,11133,22,21,11,24,0,21,Yes,2,4,1,3,0,1,Yes
EMP0062,39,Female,Divorced,Sales,Sales Representative,Human Resources,1,2732,18,9,5,17,7,14,No,1,1,3,3,4,3,Yes
EMP0063,50,Male,Married,Sales,Sales Representative,Other,5,16954,15,33,9,20,2,7,Yes,4,1,1,3,6,2,Yes
EMP0064,49,Male,Married,Research & Development,Laboratory Technician,Human Resources,2,17401,17,35,11,31,5,3,Yes,1,4,1,3,4,3,Yes
EMP0065,25,Male,Divorced,Research & Development,Manufacturing Director,Technical Degree,3,3896,16,27,3,4,5,24,Yes,4,1,4,4,1,1,No
EMP0066,25,Female,Married,Research & Development,Laboratory Technician,Other,2,8751,23,6,4,7,7,25,Yes,2,2,1,3,3,3,Yes
EMP0067,57,Male,Married,Research & Development,Manufacturing Director,Life Sciences,4,15499,16,40,9,4,0,15,No,1,3,1,3,0,2,No
EMP0068,23,Female,Divorced,Research & Development,Research Director,Human Resources,1,15745,12,36,6,2,5,26,No,4,2,1,3,5,1,Yes
EMP0069,46,Female,Married,Human Resources,Human Resources,Marketing,4,14403,15,21,1,21,6,22,No,3,1,3,3,2,1,Yes
EMP0070,60,Female,Divorced,Sales,Sales Representative,Other,4,5234,21,38,2,32,8,27,No,4,3,2,3,0,3,No
EMP0071,41,Female,Married,Sales,Sales Executive,Medical,2,5516,17,9,2,10,2,20,No,1,1,3,4,4,1,Yes
EMP0072,57,Female,Single,Research & Development,Laboratory Technician,Technical Degree,3,8792,14,28,9,36,7,26,No,4,2,2,3,6,2,No
EMP0073,47,Female,Single,Research & Development,Research Director,Medical,5,5544,18,16,1,27,2,25,No,3,1,1,3,2,1,Yes
EMP0074,32,Male,Married,Research & Development,Manufacturing Director,Life Sciences,4,17458,13,23,7,2,5,4,No,1,3,2,3,6,1,Yes
EMP0075,48,Female,Married,Research & Development,Laboratory Technician,Human Resources,1,3605,11,1,1,26,4,8,Yes,2,4,1,3,0,1,Yes
EMP0076,57,Female,Divorced,Research & Development,Research Scientist,Human Resources,1,17896,13,36,7,33,9,8,No,3,4,1,3,3,0,No
EMP0077,22,Female,Married,Research & Development,Research Scientist,Life Sciences,4,13241,20,16,0,4,1,21,No,1,3,2,3,6,2,Yes
EMP0078,52,Female,Divorced,Research & Development,Laboratory Technician,Technical Degree,2,5427,17,4,4,16,4,11,Yes,2,1,2,4,4,3,Yes
EMP0079,59,Male,Divorced,Sales,Sales Representative,Marketing,3,5087,25,23,13,5,7,16,No,4,4,3,4,2,2,No
EMP0080,23,Female,Married,Research & Development,Laboratory Technician,Life Sciences,1,11754,17,18,9,5,5,2,No,4,2,4,3,4,2,No
EMP0081,21,Female,Married,Sales,Manager,Human Resources,2,2029,13,9,9,3,0,19,Yes,1,2,3,3,4,3,Yes
EMP0082,22,Female,Married,Research & Development,Manufacturing Director,Other,3,9188,20,7,0,4,7,9,No,4,4,1,3,1,2,No
EMP0083,26,Male,Divorced,Research & Development,Research Director,Technical Degree,1,11481,16,22,2,7,2,23,No,3,3,2,3,6,1,No
EMP0084,26,Male,Married,Sales,Sales Representative,Human Resources,5,13097,17,29,17,8,7,23,Yes,1,1,3,3,4,3,Yes
EMP0085,38,Female,Divorced,Research & Development,Research Director,Human Resources,3,5214,13,35,18,20,2,17,Yes,2,4,1,3,2,1,No
EMP0086,32,Male,Married,Research & Development,Manufacturing Director,Medical,5,10002,24,8,8,1,9,20,No,1,2,2,3,2,0,Yes
EMP0087,59,Male,Divorced,Research & Development,Manufacturing Director,Technical Degree,5,2001,18,31,17,3,6,22,No,3,4,2,3,2,0,Yes
EMP0088,44,Female,Divorced,Research & Development,Laboratory Technician,Medical,3,11472,14,22,12,6,4,4,Yes,3,1,3,3,3,1,Yes
EMP0089,42,Male,Single,Research & Development,Research Director,Marketing,5,11256,18,12,5,13,6,3,No,4,4,3,3,4,1,No
EMP0090,21,Female,Married,Sales,Sales Representative,Human Resources,1,4531,14,27,4,3,9,2,No,3,4,3,3,4,2,No
EMP0091,42,Male,Single,Research & Development,Manufacturing Director,Life Sciences,4,13237,22,21,17,24,0,2,No,2,2,4,3,1,2,No
EMP0092,27,Female,Divorced,Research & Development,Laboratory Technician,Marketing,2,13885,12,39,9,9,5,12,No,4,3,4,3,5,3,No
EMP0093,58,Female,Divorced,Sales,Sales Representative,Human Resources,5,8465,11,3,3,20,1,23,No,4,2,2,3,1,3,No
EMP0094,44,Female,Divorced,Research & Development,Research Director,Other,1,5533,19,33,6,16,8,15,No,4,4,3,4,2,2,No
EMP0095,30,Female,Single,Research & Development,Manufacturing Director,Marketing,3,7801,24,31,10,9,6,18,No,3,3,1,3,3,2,Yes
EMP0096,36,Female,Married,Research & Development,Research Scientist,Other,3,16707,14,13,6,18,9,24,No,3,3,2,3,1,0,Yes
EMP0097,32,Female,Divorced,Sales,Sales Representative,Technical Degree,1,5513,15,0,0,5,4,7,No,2,4,4,3,2,0,No
EMP0098,32,Male,Married,Research & Development,Research Scientist,Medical,1,14017,15,31,5,14,1,20,No,3,1,1,3,2,3,No
EMP0099,26,Female,Single,Research & Development,Research Director,Life Sciences,3,6333,20,29,8,8,3,25,No,1,3,3,3,1,3,No
EMP0100,23,Male,Single,Research & Development,Research Scientist,Technical Degree,3,9137,15,0,0,5,9,24,No,4,3,3,3,0,2,Yes
EMP0101,25,Female,Divorced,Research & Development,Laboratory Technician,Human Resources,3,4856,17,40,9,7,9,15,No,2,2,2,3,2,3,No
EMP0102,31,Female,Divorced,Research & Development,Research Scientist,Other,3,3568,21,36,3,13,7,17,Yes,2,2,2,3,0,1,Yes
EMP0103,50,Female,Single,Research & Development,Research Scientist,Human Resources,4,15977,12,36,1,27,3,1,No,3,1,4,3,4,0,No
EMP0104,22,Male,Married,Research & Development,Research Scientist,Life Sciences,3,14406,21,11,4,4,6,13,No,4,3,4,3,0,1,No
EMP0105,52,Male,Single,Research & Development,Laboratory Technician,Life Sciences,3,16180,23,34,13,2,3,9,No,2,2,4,3,5,0,No
EMP0106,44,Male,Single,Research & Development,Research Scientist,Life Sciences,1,2109,19,28,1,14,0,7,Yes,1,4,4,3,1,2,No
EMP0107,54,Male,Married,Research & Development,Manufacturing Director,Medical,5,8252,19,26,9,26,6,12,Yes,2,4,4,3,6,2,Yes
EMP0108,37,Male,Single,Research & Development,Research Director,Marketing,2,16181,12,3,3,19,5,7,No,4,2,4,3,5,3,Yes
EMP0109,30,Male,Single,Sales,Sales Representative,Medical,5,19321,23,13,13,12,1,7,Yes,3,3,1,3,5,3,No
EMP0110,31,Female,Married,Research & Development,Laboratory Technician,Technical Degree,4,18495,24,22,9,13,7,24,Yes,4,4,1,3,6,2,Yes
EMP0111,44,Male,Single,Sales,Sales Executive,Marketing,5,19986,21,26,9,16,7,8,Yes,3,2,4,3,4,2,No
EMP0112,49,Female,Single,Human Resources,HR Manager,Other,3,6555,11,8,8,8,0,22,No,1,1,1,4,6,3,No
EMP0113,32,Male,Single,Sales,Sales Executive,Human Resources,4,13238,15,3,3,14,4,17,No,1,1,4,3,4,0,No
EMP0114,45,Male,Single,Research & Development,Laboratory Technician,Human Resources,2,8905,14,12,12,19,7,13,Yes,3,3,4,3,4,1,No
EMP0115,23,Male,Married,Research & Development,Research Scientist,Technical Degree,4,19119,24,30,1,5,5,21,No,2,1,4,3,4,0,No
EMP0116,32,Female,Married,Sales,Manager,Life Sciences,1,10196,24,34,18,4,2,19,No,2,3,1,4,6,3,Yes
EMP0117,54,Female,Married,Sales,Sales Representative,Other,2,3578,17,32,11,1,9,25,Yes,4,2,1,3,4,2,No
EMP0118,46,Female,Married,Research & Development,Manufacturing Director,Medical,5,13463,17,5,5,23,2,23,No,1,1,3,3,5,2,Yes
EMP0119,18,Female,Married,Research & Development,Research Director,Life Sciences,2,3869,20,11,11,0,1,18,No,4,1,1,3,4,2,Yes
EMP0120,44,Male,Divorced,Research & Development,Research Scientist,Human Resources,2,13484,15,10,4,4,4,14,Yes,3,4,2,3,3,3,Yes
EMP0121,33,Male,Married,Research & Development,Research Director,Life Sciences,2,10992,15,0,0,15,9,27,No,4,3,4,3,1,2,No
EMP0122,30,Female,Married,Research & Development,Laboratory Technician,Marketing,4,19879,13,15,10,12,9,7,No,4,3,1,4,4,0,No
EMP0123,31,Male,Married,Research & Development,Manufacturing Director,Other,4,5569,17,40,9,13,7,20,Yes,2,4,4,3,4,3,Yes
EMP0124,41,Male,Single,Research & Development,Research Scientist,Other,3,6459,19,39,1,23,4,4,No,4,3,4,3,1,1,No
EMP0125,47,Female,Single,Research & Development,Laboratory Technician,Technical Degree,1,10689,18,26,2,29,3,26,Yes,2,3,3,3,4,2,Yes
EMP0126,46,Male,Divorced,Research & Development,Manufacturing Director,Life Sciences,1,12250,23,6,5,28,7,14,No,2,2,2,3,1,3,Yes
EMP0127,58,Male,Divorced,Research & Development,Research Director,Human Resources,2,15740,12,37,13,23,1,26,No,2,2,3,3,4,1,Yes
EMP0128,47,Female,Divorced,Sales,Manager,Other,3,13743,20,39,12,8,4,27,No,3,3,4,3,4,0,No
EMP0129,33,Female,Divorced,Sales,Sales Executive,Medical,5,13738,13,26,4,15,2,23,No,4,2,4,3,4,3,Yes
EMP0130,38,Female,Single,Research & Development,Research Scientist,Technical Degree,2,7402,13,24,17,20,7,27,No,4,4,4,3,3,0,Yes
EMP0131,32,Male,Divorced,Sales,Sales Representative,Marketing,2,15994,24,36,15,14,5,27,No,1,1,3,3,4,0,No
EMP0132,45,Male,Married,Sales,Manager,Life Sciences,4,9620,22,22,2,10,5,19,No,1,2,2,3,6,3,No
EMP0133,31,Female,Divorced,Research & Development,Research Scientist,Marketing,5,18663,23,10,10,3,1,17,No,3,3,3,4,1,3,No
EMP0134,59,Male,Single,Sales,Sales Executive,Other,3,9120,19,25,15,23,1,21,Yes,3,4,4,3,3,2,Yes
EMP0135,49,Male,Divorced,Research & Development,Research Scientist,Technical Degree,3,3084,19,34,12,31,4,27,Yes,4,2,4,3,2,1,No
EMP0136,39,Male,Single,Research & Development,Research Scientist,Other,4,1542,24,7,5,5,4,5,No,1,4,2,4,1,2,No
EMP0137,34,Male,Single,Sales,Manager,Technical Degree,3,8681,21,27,2,0,3,19,No,1,2,4,3,4,3,Yes
EMP0138,39,Male,Married,Research & Development,Research Director,Life Sciences,2,13561,21,5,3,4,2,27,Yes,3,3,2,3,5,1,No
EMP0139,18,Female,Married,Research & Development,Laboratory Technician,Other,2,5969,17,26,14,0,6,19,No,1,1,2,3,2,2,Yes
EMP0140,59,Female,Divorced,Sales,Manager,Life Sciences,3,7741,17,33,16,15,3,26,Yes,4,3,1,3,3,0,Yes
EMP0141,56,Female,Married,Sales,Sales Executive,Medical,4,19633,14,26,11,3,0,3,No,2,4,1,3,2,0,No
EMP0142,43,Female,Divorced,Research & Development,Research Director,Technical Degree,1,18591,17,34,4,19,8,5,Yes,3,1,2,4,2,0,No
EMP0143,33,Female,Single,Sales,Sales Executive,Technical Degree,5,2812,23,19,5,10,8,12,Yes,2,1,2,3,4,2,Yes
EMP0144,35,Male,Married,Research & Development,Research Scientist,Technical Degree,3,18174,20,4,4,17,7,2,No,1,4,4,3,6,1,Yes
EMP0145,24,Male,Divorced,Research & Development,Research Scientist,Human Resources,1,2452,23,0,0,6,0,28,Yes,3,4,2,3,4,3,Yes
EMP0146,44,Female,Single,Research & Development,Manufacturing Director,Human Resources,3,4921,24,32,1,20,4,28,Yes,1,4,1,4,6,2,Yes
EMP0147,47,Female,Divorced,Sales,Sales Executive,Marketing,5,8957,19,29,11,29,0,14,No,4,2,2,3,1,2,No
EMP0148,18,Female,Divorced,Research & Development,Research Scientist,Other,3,4415,11,13,13,0,4,5,No,4,4,1,4,0,1,No
EMP0149,41,Male,Divorced,Research & Development,Research Scientist,Medical,4,3461,24,37,18,20,6,11,Yes,2,2,3,3,5,2,Yes
EMP0150,32,Male,Divorced,Sales,Sales Executive,Life Sciences,2,4471,18,10,10,7,7,7,No,4,1,3,4,2,2,Yes
EMP0151,37,Male,Married,Research & Development,Research Scientist,Medical,1,9142,22,22,12,6,7,13,No,3,3,2,3,4,1,No
EMP0152,26,Male,Single,Sales,Sales Executive,Medical,4,13206,13,40,2,8,7,7,No,3,1,1,4,6,0,Yes
EMP0153,47,Female,Divorced,Sales,Manager,Technical Degree,4,1975,20,24,13,18,2,29,Yes,2,2,3,3,0,1,Yes
EMP0154,53,Female,Married,Research & Development,Research Scientist,Medical,4,7544,25,33,7,24,7,26,No,1,4,3,3,2,2,Yes
EMP0155,19,Male,Married,Research & Development,Laboratory Technician,Life Sciences,4,18357,23,22,18,1,8,9,No,2,1,2,3,6,0,No
EMP0156,42,Male,Single,Research & Development,Laboratory Technician,Human Resources,3,12765,15,37,0,24,7,26,No,3,2,2,3,4,1,Yes
EMP0157,21,Male,Divorced,Sales,Sales Executive,Technical Degree,1,11879,25,39,6,3,9,5,No,3,2,3,3,5,1,No
EMP0158,41,Female,Divorced,Human Resources,HR Manager,Life Sciences,3,10897,16,20,4,23,9,18,No,4,4,3,3,6,1,No
EMP0159,42,Female,Single,Sales,Manager,Medical,1,19779,12,25,18,22,5,5,Yes,3,2,1,4,5,1,No
EMP0160,28,Female,Married,Research & Development,Research Scientist,Life Sciences,3,7879,25,15,2,10,6,24,No,1,1,1,3,1,3,No
EMP0161,40,Female,Divorced,Research & Development,Research Scientist,Other,2,6338,13,28,2,10,1,4,No,1,3,1,3,2,3,No
EMP0162,53,Female,Divorced,Research & Development,Research Scientist,Human Resources,4,2024,22,27,5,18,3,7,No,4,2,1,3,3,2,Yes
EMP0163,24,Female,Single,Sales,Manager,Life Sciences,3,1134,18,27,2,6,4,6,No,4,2,1,3,0,0,No
EMP0164,48,Male,Divorced,Research & Development,Manufacturing Director,Human Resources,4,7067,15,23,12,9,3,9,No,4,1,3,3,6,0,No
EMP0165,60,Female,Divorced,Sales,Manager,Technical Degree,5,8464,22,35,1,32,6,3,No,4,4,2,3,6,0,No
EMP0166,51,Male,Married,Research & Development,Laboratory Technician,Medical,2,7952,20,12,4,20,2,21,Yes,1,4,2,4,6,2,No
EMP0167,22,Female,Divorced,Sales,Manager,Marketing,3,18038,23,29,0,4,9,19,No,4,1,4,3,4,0,No
EMP0168,24,Female,Married,Research & Development,Manufacturing Director,Technical Degree,4,19753,17,38,15,6,6,22,Yes,3,4,2,3,0,2,Yes
EMP0169,48,Male,Married,Research & Development,Manufacturing Director,Marketing,3,10195,22,31,3,30,5,15,No,2,2,3,4,2,3,No
EMP0170,30,Female,Divorced,Research & Development,Research Director,Marketing,1,17893,11,10,2,2,3,29,No,4,2,1,3,6,1,No
EMP0171,41,Female,Married,Research & Development,Manufacturing Director,Human Resources,4,5068,24,1,1,5,5,12,No,4,2,4,3,1,2,No
EMP0172,42,Male,Single,Sales,Manager,Other,2,7783,15,17,13,17,0,20,No,1,4,2,3,1,2,Yes
EMP0173,42,Female,Single,Research & Development,Research Director,Technical Degree,3,18069,16,39,12,24,7,4,No,1,3,3,3,0,2,No
EMP0174,35,Female,Single,Sales,Manager,Medical,5,8883,17,3,3,17,6,9,No,2,1,4,4,3,0,No
EMP0175,54,Male,Divorced,Research & Development,Manufacturing Director,Human Resources,4,12756,23,32,9,21,4,24,No,2,3,1,3,5,1,No
EMP0176,32,Female,Married,Research & Development,Manufacturing Director,Marketing,3,10644,15,29,3,3,6,28,No,1,4,2,3,4,3,No
EMP0177,27,Female,Married,Sales,Sales Executive,Human Resources,4,5702,15,20,5,9,0,2,No,4,3,2,3,3,1,No
EMP0178,28,Male,Divorced,Research & Development,Research Scientist,Technical Degree,4,14227,24,27,15,1,5,29,No,1,2,3,4,6,1,No
EMP0179,58,Female,Married,Research & Development,Laboratory Technician,Medical,1,13577,19,32,18,27,8,15,No,1,1,3,4,4,2,No
EMP0180,26,Female,Single,Research & Development,Research Director,Medical,4,1635,22,14,7,8,1,6,No,2,2,1,3,2,0,No
EMP0181,34,Male,Divorced,Research & Development,Research Scientist,Life Sciences,1,2589,17,7,7,16,0,7,No,1,3,4,3,2,0,Yes
EMP0182,56,Male,Divorced,Research & Development,Research Director,Other,5,4866,16,18,3,18,8,27,No,4,2,2,3,1,3,Yes
EMP0183,53,Female,Married,Research & Development,Laboratory Technician,Medical,1,1426,21,5,3,29,1,3,No,4,2,1,3,2,1,No
EMP0184,36,Male,Single,Sales,Sales Executive,Life Sciences,3,12812,16,20,13,18,2,22,No,1,1,1,4,2,3,Yes
EMP0185,23,Male,Single,Research & Development,Manufacturing Director,Technical Degree,4,15968,13,17,12,5,0,23,No,4,4,2,3,6,0,No
EMP0186,48,Male,Divorced,Research & Development,Research Director,Technical Degree,3,1953,22,8,8,21,5,9,No,1,4,4,3,0,1,No
EMP0187,57,Male,Married,Sales,Manager,Marketing,4,5880,14,35,1,17,7,3,Yes,2,4,4,4,2,2,Yes
EMP0188,32,Female,Single,Research & Development,Research Director,Life Sciences,4,15564,17,36,14,2,0,16,Yes,4,4,3,3,0,3,No
EMP0189,18,Male,Divorced,Research & Development,Manufacturing Director,Other,4,12178,12,23,1,0,7,12,No,4,3,4,3,0,1,No
EMP0190,58,Female,Divorced,Human Resources,HR Manager,Life Sciences,1,6388,17,31,4,29,1,7,No,4,1,3,3,6,1,No
EMP0191,30,Female,Single,Research & Development,Research Scientist,Other,5,5046,24,28,14,12,8,2,No,2,4,1,3,3,3,No
EMP0192,29,Male,Single,Research & Development,Laboratory Technician,Technical Degree,5,11555,13,32,12,11,7,10,No,2,3,4,4,6,1,No
EMP0193,50,Female,Divorced,Sales,Manager,Other,5,8130,19,12,6,7,2,21,No,3,3,2,4,4,2,No
EMP0194,53,Female,Married,Research & Development,Research Director,Life Sciences,5,4497,15,1,1,3,4,6,Yes,1,2,3,3,5,1,No
EMP0195,36,Male,Married,Sales,Manager,Technical Degree,1,19420,11,14,14,16,5,26,No,3,1,4,3,4,0,Yes
EMP0196,46,Male,Divorced,Research & Development,Manufacturing Director,Medical,3,15715,13,11,2,28,8,9,Yes,2,1,4,3,2,1,No
EMP0197,18,Male,Single,Research & Development,Laboratory Technician,Marketing,5,2675,23,40,9,0,8,6,No,3,1,3,3,0,1,No
EMP0198,43,Male,Divorced,Sales,Sales Executive,Marketing,3,12831,20,18,6,2,3,15,No,4,1,1,3,5,1,No
EMP0199,38,Female,Married,Research & Development,Research Scientist,Human Resources,3,1818,19,33,11,6,3,21,No,4,4,1,3,2,0,Yes
EMP0200,52,Male,Divorced,Research & Development,Research Scientist,Other,2,14909,12,6,6,3,5,23,No,4,1,2,3,0,0,Yes
EMP0201,34,Female,Married,Research & Development,Laboratory Technician,Technical Degree,4,14261,24,27,10,16,0,19,Yes,1,1,1,3,5,0,No
EMP0202,24,Female,Divorced,Sales,Manager,Life Sciences,3,15350,23,24,12,6,6,5,No,1,4,2,3,6,2,Yes
EMP0203,59,Male,Single,Research & Development,Research Scientist,Life Sciences,1,19775,17,38,12,10,5,29,No,1,3,2,3,1,1,Yes
EMP0204,57,Male,Single,Research & Development,Laboratory Technician,Other,5,2791,16,35,14,8,9,7,No,1,3,1,3,3,2,No
EMP0205,33,Male,Single,Sales,Manager,Marketing,4,15775,14,21,9,15,0,6,No,2,3,3,4,2,1,Yes
EMP0206,41,Female,Married,Sales,Manager,Technical Degree,4,12764,15,19,15,4,8,5,No,2,1,3,4,1,0,No
EMP0207,50,Male,Single,Research & Development,Research Director,Human Resources,3,18817,24,34,15,8,9,25,No,2,3,4,3,5,2,No
EMP0208,50,Male,Divorced,Sales,Sales Representative,Medical,5,6443,18,32,4,4,3,2,No,2,2,4,4,6,1,Yes
EMP0209,32,Female,Married,Sales,Sales Executive,Technical Degree,4,2530,21,2,2,14,5,13,Yes,3,3,2,3,4,0,Yes
EMP0210,32,Female,Married,Research & Development,Manufacturing Director,Technical Degree,5,1225,20,32,4,14,2,6,No,2,1,3,3,2,0,Yes
EMP0211,39,Female,Married,Research & Development,Research Director,Medical,5,6292,11,26,0,16,9,2,Yes,2,2,2,3,1,1,No
EMP0212,51,Female,Single,Research & Development,Research Scientist,Medical,4,16456,22,30,5,29,4,17,Yes,4,2,2,3,1,2,Yes
EMP0213,22,Male,Single,Sales,Sales Representative,Life Sciences,2,18137,19,32,13,4,0,20,No,1,2,4,4,6,0,No
EMP0214,26,Female,Divorced,Research & Development,Research Scientist,Technical Degree,3,2432,17,33,13,8,9,24,Yes,4,4,3,3,0,1,Yes
EMP0215,32,Female,Divorced,Research & Development,Research Scientist,Human Resources,4,9456,16,12,0,9,5,7,No,1,1,1,3,3,0,No
EMP0216,55,Female,Divorced,Sales,Manager,Marketing,5,10038,20,25,6,25,4,16,No,4,2,3,3,2,2,No
EMP0217,60,Female,Divorced,Sales,Sales Executive,Medical,1,8036,13,32,12,38,1,1,No,1,2,4,4,6,3,No
EMP0218,22,Male,Divorced,Sales,Sales Representative,Life Sciences,4,14137,14,39,16,4,8,7,No,1,2,4,3,2,0,No
EMP0219,32,Female,Single,Research & Development,Research Scientist,Other,1,6168,22,5,5,5,0,17,No,3,4,4,3,5,0,No
EMP0220,53,Female,Married,Research & Development,Manufacturing Director,Medical,5,7383,15,29,12,7,1,18,No,3,2,4,3,4,2,No
EMP0221,34,Female,Married,Research & Development,Manufacturing Director,Human Resources,4,8980,22,21,14,16,3,13,No,1,4,1,3,5,1,No
EMP0222,40,Female,Single,Research & Development,Research Scientist,Marketing,1,14081,13,21,2,22,9,29,No,2,4,3,3,2,1,No
EMP0223,33,Male,Single,Research & Development,Manufacturing Director,Medical,2,12675,18,9,3,15,0,18,Yes,1,4,1,3,6,2,Yes
EMP0224,54,Male,Divorced,Research & Development,Research Director,Marketing,4,8286,12,36,4,20,2,13,Yes,4,4,1,3,3,3,No
EMP0225,18,Male,Married,Research & Development,Research Director,Marketing,5,9518,17,11,11,0,6,16,Yes,3,4,3,3,1,2,No
EMP0226,35,Male,Single,Research & Development,Laboratory Technician,Other,3,8735,18,35,13,17,2,1,No,2,2,2,3,3,1,No
EMP0227,38,Female,Divorced,Research & Development,Manufacturing Director,Human Resources,1,14063,16,6,5,20,4,11,Yes,3,4,1,3,2,2,Yes
EMP0228,25,Male,Married,Research & Development,Laboratory Technician,Marketing,3,17735,23,31,14,7,2,5,No,4,3,4,3,5,2,No
EMP0229,54,Male,Single,Research & Development,Research Scientist,Marketing,2,11281,18,20,9,10,9,12,No,4,3,4,3,4,3,No
EMP0230,19,Female,Divorced,Sales,Sales Executive,Other,1,7909,12,10,10,1,8,13,Yes,1,4,1,3,6,0,No
EMP0231,23,Female,Single,Research & Development,Research Director,Medical,3,15530,18,40,4,5,5,28,Yes,2,1,1,3,6,3,No
EMP0232,53,Female,Divorced,Research & Development,Laboratory Technician,Other,5,15262,17,33,17,9,4,15,No,3,4,2,3,2,2,No
EMP0233,18,Female,Married,Research & Development,Laboratory Technician,Technical Degree,5,1281,17,31,15,0,5,18,No,4,3,2,3,1,3,Yes
EMP0234,59,Male,Married,Research & Development,Research Director,Life Sciences,4,8858,12,33,8,39,2,6,No,3,4,2,4,2,3,No
EMP0235,57,Male,Single,Research & Development,Manufacturing Director,Life Sciences,5,1734,14,11,3,26,0,5,No,2,4,1,3,3,2,Yes
EMP0236,49,Male,Married,Human Resources,HR Manager,Life Sciences,2,2845,11,17,12,15,6,9,Yes,4,2,2,4,6,0,Yes
EMP0237,46,Male,Married,Sales,Sales Executive,Other,1,18085,12,13,13,28,8,2,No,3,3,2,3,4,2,No
EMP0238,30,Male,Single,Research & Development,Research Scientist,Medical,4,11642,22,0,0,12,9,2,No,1,4,2,3,6,3,Yes
EMP0239,23,Male,Divorced,Sales,Sales Representative,Human Resources,3,2976,25,3,3,5,5,18,No,1,2,4,3,6,3,Yes
EMP0240,42,Female,Single,Research & Development,Laboratory Technician,Technical Degree,4,19327,24,18,17,4,4,15,No,2,2,3,3,6,1,No
EMP0241,46,Female,Married,Sales,Sales Representative,Life Sciences,5,13429,17,11,0,28,8,22,No,3,2,3,3,6,1,No
EMP0242,53,Female,Married,Sales,Sales Representative,Other,3,4628,14,6,6,2,1,7,No,1,2,2,4,3,0,No
EMP0243,42,Male,Married,Research & Development,Manufacturing Director,Medical,5,3331,16,0,0,24,6,24,No,1,4,1,3,6,0,Yes
EMP0244,20,Male,Single,Research & Development,Manufacturing Director,Human Resources,1,4325,12,14,14,2,6,18,No,2,2,2,3,5,2,No
EMP0245,45,Male,Divorced,Research & Development,Laboratory Technician,Technical Degree,5,12068,23,10,10,20,5,11,No,4,3,3,3,3,3,No
EMP0246,54,Female,Married,Research & Development,Research Director,Technical Degree,4,14020,16,0,0,17,3,8,No,1,2,3,3,6,0,No
EMP0247,50,Male,Single,Research & Development,Laboratory Technician,Technical Degree,3,6124,20,8,8,4,9,3,No,2,2,3,3,3,1,No
EMP0248,48,Male,Divorced,Sales,Manager,Other,3,2233,12,36,12,30,6,14,Yes,1,3,3,4,6,1,No
EMP0249,58,Male,Married,Research & Development,Research Director,Human Resources,1,11472,20,34,18,14,7,13,Yes,2,2,1,3,6,0,Yes
EMP0250,43,Male,Married,Sales,Sales Representative,Human Resources,1,18970,21,25,8,25,7,7,Yes,4,2,2,3,3,1,No
EMP0251,51,Female,Married,Sales,Sales Executive,Marketing,5,3944,15,7,7,22,0,21,No,3,2,3,3,6,1,No
EMP0252,46,Male,Single,Research & Development,Research Director,Medical,3,6120,18,5,3,1,1,23,No,2,2,3,3,2,3,Yes
EMP0253,52,Female,Divorced,Sales,Manager,Technical Degree,5,5640,11,1,1,0,9,7,No,1,3,2,3,2,3,Yes
EMP0254,60,Female,Single,Sales,Manager,Life Sciences,3,13674,14,14,12,35,1,18,No,1,3,4,4,1,3,No
EMP0255,19,Female,Married,Sales,Manager,Technical Degree,4,6153,11,1,1,1,4,17,No,3,3,2,4,6,2,No
EMP0256,19,Male,Single,Research & Development,Manufacturing Director,Marketing,4,5506,16,5,5,1,4,14,No,2,4,2,3,4,3,Yes
EMP0257,59,Male,Single,Sales,Manager,Marketing,5,5440,16,27,4,1,1,24,No,2,3,1,3,1,1,No
EMP0258,44,Female,Divorced,Human Resources,HR Manager,Other,3,5988,12,12,3,8,0,8,Yes,1,3,2,3,2,3,Yes
EMP0259,56,Male,Married,Research & Development,Manufacturing Director,Technical Degree,4,5515,14,10,6,11,3,8,Yes,4,1,3,4,6,0,No
EMP0260,46,Female,Married,Research & Development,Research Director,Medical,4,14275,19,2,2,2,0,27,No,4,1,1,3,1,3,No
EMP0261,51,Male,Married,Research & Development,Research Scientist,Technical Degree,4,10988,22,18,14,11,7,21,Yes,3,1,2,3,0,0,No
EMP0262,52,Female,Married,Sales,Sales Representative,Life Sciences,2,15875,22,37,6,5,2,23,No,1,3,3,3,5,0,Yes
EMP0263,46,Female,Divorced,Research & Development,Research Scientist,Human Resources,5,6248,22,24,17,26,2,5,No,2,3,2,3,6,0,No
EMP0264,46,Male,Single,Sales,Sales Executive,Medical,1,9302,17,0,0,5,7,19,No,4,1,4,3,3,3,No
EMP0265,18,Female,Divorced,Sales,Manager,Other,5,7812,20,3,3,0,9,22,Yes,3,1,2,4,6,2,No
EMP0266,21,Male,Divorced,Sales,Sales Executive,Marketing,5,19761,24,35,5,3,5,11,No,3,1,1,3,3,0,No
EMP0267,22,Male,Divorced,Sales,Sales Executive,Marketing,3,18279,18,26,16,4,8,21,Yes,2,1,1,3,0,2,Yes
EMP0268,38,Female,Single,Sales,Manager,Human Resources,5,17274,18,33,15,13,1,1,No,2,2,3,4,0,0,No
EMP0269,44,Female,Divorced,Research & Development,Manufacturing Director,Other,2,1379,11,40,6,21,5,18,No,3,1,3,3,6,0,Yes
EMP0270,54,Male,Single,Research & Development,Research Scientist,Marketing,3,16708,23,30,1,3,5,18,No,4,2,4,4,3,3,No
EMP0271,37,Male,Single,Research & Development,Manufacturing Director,Human Resources,3,12595,20,4,4,11,2,27,No,1,3,4,3,4,3,No
EMP0272,37,Male,Married,Research & Development,Manufacturing Director,Technical Degree,1,17296,14,15,11,19,0,12,No,3,2,3,3,6,0,No
EMP0273,48,Male,Married,Research & Development,Laboratory Technician,Technical Degree,5,11178,24,20,4,0,6,15,No,1,2,2,3,5,0,Yes
EMP0274,20,Female,Married,Research & Development,Research Scientist,Life Sciences,1,18067,16,19,0,2,4,10,No,3,2,3,3,4,3,No
EMP0275,28,Male,Single,Sales,Sales Executive,Human Resources,3,19010,18,20,8,8,5,20,Yes,3,2,2,3,4,0,Yes
EMP0276,21,Male,Married,Sales,Sales Executive,Technical Degree,2,15618,18,39,11,3,7,3,No,2,1,4,3,0,2,No
EMP0277,32,Female,Married,Sales,Manager,Technical Degree,2,11833,23,20,14,14,2,15,No,1,4,1,3,2,2,No
EMP0278,50,Male,Married,Sales,Manager,Human Resources,1,10908,16,34,14,32,6,16,No,4,2,2,3,0,1,No
EMP0279,45,Male,Single,Research & Development,Manufacturing Director,Other,1,19824,12,31,3,27,4,6,No,4,3,1,3,3,0,No
EMP0280,42,Male,Single,Research & Development,Research Scientist,Medical,5,1015,20,9,4,24,5,22,No,3,4,4,3,2,2,No
EMP0281,40,Female,Single,Human Resources,Human Resources,Marketing,1,13107,20,35,1,22,6,8,Yes,3,1,3,4,5,3,Yes
EMP0282,42,Male,Divorced,Research & Development,Research Director,Medical,4,5566,11,12,12,1,2,28,No,3,4,2,3,1,0,Yes
EMP0283,49,Male,Single,Research & Development,Laboratory Technician,Other,4,15952,20,38,13,31,2,8,No,4,4,4,3,3,0,No
EMP0284,33,Female,Divorced,Research & Development,Manufacturing Director,Human Resources,3,2105,22,2,2,15,2,3,No,3,1,4,4,5,2,No
EMP0285,51,Male,Married,Research & Development,Research Scientist,Other,1,18677,22,37,9,26,7,29,No,3,1,4,3,4,2,No
EMP0286,36,Female,Divorced,Sales,Sales Executive,Human Resources,3,3021,12,40,15,16,2,3,No,1,3,1,3,4,2,Yes
EMP0287,35,Male,Divorced,Sales,Sales Representative,Life Sciences,5,6730,23,37,4,17,7,8,No,3,2,3,3,1,0,No
EMP0288,27,Female,Married,Research & Development,Laboratory Technician,Technical Degree,2,15432,18,40,5,9,0,4,Yes,3,1,3,3,1,3,Yes
EMP0289,52,Female,Married,Sales,Manager,Marketing,2,18390,25,27,0,27,0,22,No,4,4,3,4,0,2,No
EMP0290,59,Female,Married,Research & Development,Manufacturing Director,Life Sciences,3,13826,12,29,7,26,0,1,No,2,3,2,3,6,0,Yes
EMP0291,24,Male,Divorced,Research & Development,Manufacturing Director,Marketing,3,7335,20,2,0,6,1,4,No,1,2,1,3,6,1,No
EMP0292,59,Male,Divorced,Research & Development,Laboratory Technician,Medical,3,10661,23,29,2,24,1,25,No,3,4,3,3,2,0,No
EMP0293,21,Male,Married,Sales,Sales Representative,Life Sciences,4,7584,21,39,12,3,3,14,Yes,4,1,2,3,4,0,No
EMP0294,24,Female,Married,Sales,Sales Executive,Life Sciences,4,5886,11,40,0,6,6,29,No,4,3,2,3,4,3,No
EMP0295,22,Female,Divorced,Research & Development,Research Scientist,Technical Degree,1,19596,19,34,11,4,1,21,No,3,4,1,3,2,2,No
EMP0296,36,Male,Married,Research & Development,Laboratory Technician,Other,2,10802,11,24,3,1,3,15,No,3,4,1,4,1,1,No
EMP0297,55,Male,Divorced,Sales,Sales Representative,Other,3,17382,12,34,14,33,0,26,No,1,1,3,3,3,1,No
EMP0298,52,Male,Single,Sales,Manager,Life Sciences,2,17029,24,1,1,29,0,21,No,1,2,2,3,2,0,Yes
EMP0299,55,Male,Married,Sales,Sales Executive,Human Resources,5,8236,16,4,4,2,8,19,No,4,3,1,4,1,1,No
EMP0300,39,Male,Married,Sales,Sales Representative,Medical,3,19143,23,10,10,1,9,21,Yes,1,2,1,3,3,1,No
EMP0301,23,Male,Divorced,Sales,Sales Executive,Other,5,10306,20,26,15,5,3,14,No,2,2,3,3,1,0,Yes
EMP0302,49,Female,Married,Research & Development,Research Scientist,Technical Degree,1,19284,11,15,6,7,3,21,Yes,1,3,2,3,2,1,No
EMP0303,48,Male,Single,Research & Development,Laboratory Technician,Other,3,10349,23,13,13,30,2,18,Yes,4,1,1,3,1,0,Yes
EMP0304,22,Female,Married,Research & Development,Research Director,Medical,3,8547,20,7,7,3,1,8,Yes,2,4,2,3,3,3,No
EMP0305,27,Female,Single,Sales,Manager,Technical Degree,3,5478,15,29,6,7,9,23,No,3,2,3,3,0,1,No
EMP0306,47,Male,Married,Research & Development,Manufacturing Director,Human Resources,2,6577,24,36,17,17,9,7,No,1,4,4,4,3,3,Yes
EMP0307,45,Male,Married,Research & Development,Laboratory Technician,Technical Degree,5,8296,17,37,4,27,8,16,No,1,4,1,3,0,3,No
EMP0308,24,Male,Divorced,Research & Development,Laboratory Technician,Life Sciences,4,8152,20,8,8,6,7,6,No,1,1,4,3,6,0,No
EMP0309,26,Male,Married,Research & Development,Research Director,Other,4,1053,20,40,2,5,9,9,No,3,1,3,3,4,1,No
EMP0310,39,Female,Single,Research & Development,Research Scientist,Life Sciences,4,12988,12,29,1,21,3,11,No,2,1,2,3,4,3,No
EMP0311,31,Female,Married,Research & Development,Laboratory Technician,Marketing,5,14867,22,17,1,13,1,27,Yes,3,4,4,3,3,2,No
EMP0312,22,Male,Single,Sales,Sales Representative,Technical Degree,2,10458,11,4,3,4,8,7,Yes,1,2,4,3,5,2,No
EMP0313,52,Female,Married,Research & Development,Research Director,Technical Degree,1,10561,20,12,2,29,5,21,Yes,2,3,4,3,3,3,Yes
EMP0314,26,Male,Married,Research & Development,Manufacturing Director,Medical,4,13195,13,18,1,8,8,6,Yes,3,4,2,3,2,1,Yes
EMP0315,25,Male,Married,Sales,Sales Representative,Marketing,3,7054,15,13,13,1,2,18,No,3,3,2,3,4,0,No
EMP0316,49,Female,Single,Research & Development,Research Director,Life Sciences,5,17635,13,21,9,19,7,4,No,3,2,4,3,0,0,Yes
EMP0317,57,Female,Single,Research & Development,Research Director,Marketing,1,7403,21,37,16,32,7,28,Yes,3,2,1,3,5,0,Yes
EMP0318,49,Female,Married,Research & Development,Research Scientist,Medical,4,13121,14,24,11,26,8,28,Yes,3,3,3,4,0,3,No
EMP0319,36,Female,Divorced,Sales,Manager,Technical Degree,2,3829,13,9,6,18,4,14,No,3,1,4,3,3,3,No
EMP0320,26,Female,Divorced,Sales,Sales Representative,Technical Degree,1,10904,21,37,9,7,4,5,No,4,2,1,3,2,3,No
EMP0321,36,Male,Single,Research & Development,Research Director,Life Sciences,3,17165,19,4,4,16,1,27,No,4,3,4,4,2,0,Yes
EMP0322,21,Male,Married,Sales,Sales Representative,Medical,1,9943,14,23,13,3,1,21,No,3,1,3,3,4,1,No
EMP0323,28,Female,Married,Research & Development,Manufacturing Director,Other,3,4149,16,34,18,6,7,12,No,2,1,2,3,3,1,Yes
EMP0324,50,Male,Married,Sales,Sales Executive,Technical Degree,1,4828,23,8,0,11,9,29,No,3,3,2,3,4,2,No
EMP0325,19,Male,Single,Research & Development,Research Scientist,Other,2,8433,17,19,4,1,7,25,Yes,1,4,1,3,6,0,Yes
EMP0326,60,Female,Single,Research & Development,Research Scientist,Marketing,1,3179,13,19,0,37,0,12,No,1,2,2,3,0,2,Yes
EMP0327,28,Male,Single,Research & Development,Laboratory Technician,Human Resources,1,18337,22,13,6,10,7,17,No,2,1,1,4,2,1,No
EMP0328,24,Female,Married,Sales,Sales Representative,Medical,5,8465,16,26,3,6,7,5,No,3,1,4,3,6,2,No
EMP0329,23,Female,Married,Research & Development,Research Scientist,Technical Degree,5,11232,16,28,7,0,7,29,No,3,4,2,4,5,1,No
EMP0330,49,Female,Divorced,Research & Development,Research Director,Other,1,4915,20,9,9,7,5,7,No,1,2,1,3,1,3,Yes
EMP0331,45,Female,Divorced,Research & Development,Manufacturing Director,Technical Degree,3,16600,14,38,12,1,7,9,No,3,2,4,3,3,1,Yes
EMP0332,21,Male,Single,Research & Development,Research Director,Technical Degree,5,11722,18,9,9,3,4,7,No,1,1,4,3,5,3,Yes
EMP0333,39,Male,Married,Research & Development,Research Scientist,Life Sciences,4,15758,13,20,12,21,4,28,No,1,1,2,3,5,3,Yes
EMP0334,42,Female,Divorced,Research & Development,Research Scientist,Human Resources,5,19759,21,30,15,18,6,19,No,2,1,4,3,4,2,Yes
EMP0335,19,Female,Married,Research & Development,Laboratory Technician,Other,5,1890,14,40,10,1,3,2,No,4,3,3,3,1,2,Yes
EMP0336,22,Female,Single,Research & Development,Research Scientist,Life Sciences,5,11695,16,2,2,4,9,16,No,4,4,3,3,0,3,No
EMP0337,54,Male,Divorced,Sales,Sales Representative,Other,2,12017,21,31,16,34,3,14,No,3,2,3,3,3,0,No
EMP0338,34,Female,Single,Sales,Manager,Human Resources,1,19955,24,6,6,16,1,26,No,1,4,4,3,5,2,No
EMP0339,45,Male,Married,Research & Development,Manufacturing Director,Technical Degree,3,17896,25,29,17,27,7,27,Yes,1,2,4,3,2,3,No
EMP0340,21,Female,Single,Research & Development,Manufacturing Director,Medical,2,10848,21,27,13,3,2,10,No,1,2,4,3,2,1,Yes
EMP0341,27,Female,Married,Sales,Sales Executive,Technical Degree,5,15300,19,27,1,2,4,26,Yes,3,2,1,3,5,1,No
EMP0342,49,Male,Married,Research & Development,Research Scientist,Human Resources,3,3092,19,26,11,31,8,19,No,1,4,2,3,0,2,No
EMP0343,33,Female,Divorced,Research & Development,Manufacturing Director,Other,4,8740,18,27,6,7,9,9,Yes,2,2,3,3,0,2,Yes
EMP0344,45,Female,Single,Research & Development,Laboratory Technician,Marketing,4,13059,22,19,0,7,4,13,No,1,1,2,3,5,2,No
EMP0345,33,Male,Married,Research & Development,Research Director,Marketing,3,3966,11,15,9,5,6,25,Yes,2,4,3,4,6,2,No
EMP0346,49,Female,Divorced,Research & Development,Research Director,Technical Degree,1,6263,21,16,16,31,0,25,Yes,4,3,4,3,5,1,No
EMP0347,59,Male,Divorced,Sales,Sales Representative,Marketing,3,19877,13,5,3,18,2,28,Yes,2,4,3,3,2,2,Yes
EMP0348,44,Female,Divorced,Research & Development,Research Director,Medical,1,1761,20,35,7,26,0,6,No,4,2,3,3,3,3,Yes
EMP0349,23,Male,Single,Research & Development,Laboratory Technician,Other,5,15268,17,29,15,5,6,16,Yes,2,2,3,3,1,1,Yes
EMP0350,36,Female,Single,Research & Development,Laboratory Technician,Technical Degree,2,1951,11,18,8,8,7,21,Yes,4,2,3,3,0,3,No
EMP0351,43,Female,Divorced,Research & Development,Research Director,Human Resources,3,3402,22,6,6,0,9,20,Yes,3,2,4,4,5,0,Yes
EMP0352,57,Female,Single,Research & Development,Research Director,Human Resources,1,6886,13,16,5,7,8,23,No,3,4,2,3,3,2,No
EMP0353,26,Female,Married,Research & Development,Manufacturing Director,Marketing,3,9651,25,33,10,3,8,5,No,2,3,4,3,6,3,Yes
EMP0354,21,Female,Married,Sales,Sales Executive,Medical,4,15309,16,7,7,3,2,28,Yes,3,4,4,3,0,0,No
EMP0355,29,Male,Divorced,Research & Development,Manufacturing Director,Life Sciences,5,19712,21,11,11,11,4,1,No,2,4,1,4,5,0,No
EMP0356,24,Male,Single,Research & Development,Laboratory Technician,Technical Degree,4,15887,22,40,8,6,5,15,No,1,3,1,3,5,1,No
EMP0357,59,Male,Divorced,Sales,Sales Executive,Human Resources,4,4041,17,25,8,9,6,6,Yes,4,1,1,4,6,2,Yes
EMP0358,49,Male,Married,Research & Development,Manufacturing Director,Other,1,13049,17,32,6,31,1,14,No,4,4,3,3,6,2,No
EMP0359,58,Female,Married,Research & Development,Research Scientist,Other,2,6090,13,31,16,19,7,26,No,1,3,4,3,2,1,No
EMP0360,51,Male,Single,Research & Development,Research Scientist,Human Resources,1,17742,12,27,13,11,8,25,Yes,3,3,3,3,0,3,No
EMP0361,43,Female,Married,Sales,Sales Representative,Human Resources,4,15752,21,39,8,25,4,20,No,2,2,2,3,6,0,No
EMP0362,18,Male,Divorced,Research & Development,Research Scientist,Technical Degree,4,14283,12,38,15,0,0,5,No,3,4,3,3,1,0,No
EMP0363,31,Male,Married,Research & Development,Laboratory Technician,Other,5,7264,22,5,5,13,2,6,No,2,4,4,3,5,3,No
EMP0364,46,Female,Divorced,Research & Development,Laboratory Technician,Technical Degree,1,11948,11,0,0,25,8,20,No,4,4,4,3,2,3,No
EMP0365,55,Male,Divorced,Research & Development,Research Director,Life Sciences,5,1632,21,27,18,28,7,4,No,1,3,4,4,4,2,No
EMP0366,19,Male,Married,Sales,Manager,Marketing,4,8614,24,32,7,1,6,24,No,3,4,2,4,3,2,No
EMP0367,28,Male,Divorced,Research & Development,Manufacturing Director,Technical Degree,2,6687,11,12,5,10,8,7,No,1,4,4,3,0,2,No
EMP0368,28,Male,Single,Sales,Manager,Marketing,4,4743,11,39,7,9,5,26,Yes,2,4,3,4,6,2,No
EMP0369,50,Male,Married,Research & Development,Research Scientist,Technical Degree,1,4478,13,39,3,28,3,28,No,1,1,2,3,2,2,No
EMP0370,49,Male,Divorced,Research & Development,Research Scientist,Marketing,3,5523,19,7,6,5,5,16,No,4,1,2,3,2,1,Yes
EMP0371,44,Male,Divorced,Research & Development,Laboratory Technician,Technical Degree,2,5530,23,27,13,5,0,25,No,4,3,1,3,5,0,No
EMP0372,43,Female,Single,Human Resources,Human Resources,Technical Degree,1,5955,15,36,1,22,8,23,No,3,4,4,4,6,2,Yes
EMP0373,35,Female,Married,Research & Development,Laboratory Technician,Other,2,18848,22,39,14,17,5,18,No,4,2,3,3,3,1,No
EMP0374,36,Female,Divorced,Sales,Manager,Marketing,2,1776,16,1,1,18,0,4,No,2,3,4,4,6,2,No
EMP0375,25,Male,Married,Sales,Manager,Marketing,5,1179,13,29,10,7,9,26,No,2,3,3,3,5,3,No
EMP0376,24,Female,Married,Research & Development,Laboratory Technician,Life Sciences,2,14958,19,26,2,6,5,3,Yes,4,2,4,3,5,3,No
EMP0377,43,Female,Married,Research & Development,Research Director,Other,4,14670,22,10,4,25,8,17,No,4,4,2,4,0,1,No
EMP0378,28,Male,Divorced,Research & Development,Manufacturing Director,Technical Degree,1,4969,18,23,18,9,4,12,No,2,1,3,3,2,0,Yes
EMP0379,55,Female,Single,Research & Development,Manufacturing Director,Medical,4,1077,23,7,7,30,7,19,No,1,4,4,3,2,3,No
EMP0380,56,Female,Married,Sales,Sales Executive,Other,4,5890,21,20,2,17,8,11,No,4,4,2,4,0,3,No
EMP0381,28,Male,Divorced,Research & Development,Manufacturing Director,Human Resources,1,7314,25,39,17,1,1,1,No,1,2,4,3,5,1,Yes
EMP0382,31,Female,Single,Sales,Manager,Human Resources,5,11508,17,25,18,5,8,1,Yes,1,3,4,3,2,2,Yes
EMP0383,24,Male,Single,Research & Development,Manufacturing Director,Marketing,1,6062,12,19,13,6,4,2,No,1,3,2,3,3,2,No
EMP0384,38,Male,Single,Sales,Sales Executive,Medical,5,8758,12,31,16,1,8,15,No,4,1,3,3,3,3,No
EMP0385,32,Female,Divorced,Research & Development,Research Scientist,Human Resources,1,9080,13,35,4,14,3,17,No,4,4,1,3,6,2,No
EMP0386,33,Female,Single,Research & Development,Research Director,Life Sciences,4,10487,21,10,0,15,5,13,Yes,4,3,3,3,6,1,No
EMP0387,36,Male,Married,Sales,Manager,Life Sciences,4,5038,22,8,8,17,4,11,No,4,2,3,4,6,3,No
EMP0388,38,Female,Single,Research & Development,Research Director,Other,2,1076,17,38,15,4,7,23,Yes,1,2,4,3,6,0,Yes
EMP0389,60,Female,Married,Research & Development,Research Scientist,Human Resources,3,13682,15,11,0,12,0,24,Yes,3,2,4,3,6,2,Yes
EMP0390,57,Male,Married,Research & Development,Laboratory Technician,Marketing,1,10208,14,31,6,4,2,16,Yes,4,1,3,3,4,1,No
EMP0391,22,Male,Divorced,Sales,Manager,Other,3,7295,16,1,1,4,0,21,No,4,1,4,3,6,3,Yes
EMP0392,51,Male,Divorced,Research & Development,Manufacturing Director,Medical,1,10116,11,26,17,27,9,29,No,1,4,2,3,6,1,No
EMP0393,33,Female,Single,Sales,Sales Representative,Other,1,1922,11,30,13,15,5,8,No,3,3,2,3,6,2,No
EMP0394,22,Male,Divorced,Research & Development,Research Director,Technical Degree,5,5099,15,5,1,4,7,2,No,4,3,1,3,0,3,Yes
EMP0395,21,Female,Married,Research & Development,Manufacturing Director,Life Sciences,5,14480,19,14,0,3,0,22,No,4,4,1,3,3,2,Yes
EMP0396,24,Male,Divorced,Sales,Manager,Medical,5,5137,13,40,16,6,0,5,Yes,4,4,4,3,0,2,No
EMP0397,59,Male,Single,Research & Development,Manufacturing Director,Technical Degree,3,12245,11,18,11,22,8,27,No,2,1,2,3,6,3,Yes
EMP0398,30,Male,Married,Research & Development,Laboratory Technician,Medical,4,16324,25,38,10,12,7,4,No,3,3,4,3,6,0,No
EMP0399,18,Female,Divorced,Research & Development,Laboratory Technician,Medical,2,16762,12,21,12,0,0,12,Yes,2,1,3,3,4,1,Yes
EMP0400,58,Male,Single,Research & Development,Manufacturing Director,Medical,2,10318,15,11,7,1,2,1,No,2,3,2,3,6,0,No
EMP0401,26,Female,Single,Research & Development,Research Scientist,Marketing,4,8878,19,23,11,8,3,5,No,4,1,1,3,1,3,No
EMP0402,45,Male,Divorced,Human Resources,Human Resources,Human Resources,2,18555,22,18,4,27,7,19,No,1,3,2,4,1,0,No
EMP0403,57,Female,Divorced,Sales,Manager,Human Resources,3,17346,25,33,14,13,6,19,Yes,3,4,4,3,5,0,Yes
EMP0404,30,Female,Single,Research & Development,Laboratory Technician,Marketing,4,13365,19,36,5,12,4,3,No,3,3,1,3,3,2,No
EMP0405,47,Female,Married,Research & Development,Manufacturing Director,Technical Degree,4,14409,25,23,15,18,1,9,No,4,1,2,3,2,0,No
EMP0406,50,Female,Single,Research & Development,Research Scientist,Life Sciences,1,3346,22,23,1,32,4,24,No,3,2,3,3,1,1,No
EMP0407,18,Female,Married,Research & Development,Manufacturing Director,Technical Degree,5,1398,14,30,16,0,3,24,No,2,4,2,3,3,3,Yes
EMP0408,23,Female,Divorced,Research & Development,Laboratory Technician,Technical Degree,2,15383,21,28,17,5,7,1,Yes,2,2,3,4,6,2,Yes
EMP0409,45,Female,Married,Research & Development,Research Director,Human Resources,1,19607,17,2,2,27,1,13,Yes,3,4,4,3,4,1,Yes
EMP0410,54,Male,Single,Human Resources,HR Manager,Life Sciences,5,6829,19,2,2,29,4,8,Yes,2,1,4,3,5,0,Yes
EMP0411,51,Female,Married,Sales,Sales Representative,Medical,1,5240,24,34,13,10,4,7,No,1,4,2,3,3,3,No
EMP0412,37,Female,Single,Research & Development,Research Director,Life Sciences,2,15614,12,4,4,19,0,19,No,2,3,4,3,5,2,Yes
EMP0413,37,Female,Single,Research & Development,Laboratory Technician,Medical,5,15167,13,29,12,19,3,2,No,2,1,4,3,6,2,No
EMP0414,60,Female,Married,Research & Development,Laboratory Technician,Human Resources,1,13091,18,4,3,4,8,7,No,3,4,4,3,0,0,No
EMP0415,47,Male,Married,Research & Development,Research Director,Life Sciences,1,9220,18,7,4,29,3,18,No,4,4,4,3,5,1,No
EMP0416,28,Male,Single,Sales,Sales Executive,Marketing,1,18528,11,25,5,10,3,6,Yes,1,3,2,3,5,1,No
EMP0417,58,Female,Divorced,Research & Development,Research Scientist,Marketing,4,2726,11,38,0,1,3,8,Yes,4,2,2,3,0,3,No
EMP0418,39,Male,Single,Research & Development,Research Scientist,Other,2,6482,12,2,2,13,6,18,No,3,3,2,3,3,1,Yes
EMP0419,38,Female,Single,Sales,Sales Representative,Technical Degree,2,16042,23,14,2,6,6,7,No,3,3,1,3,2,3,No
EMP0420,54,Female,Divorced,Sales,Sales Executive,Other,4,5364,17,21,5,32,9,20,No,3,4,1,3,3,1,No
EMP0421,18,Male,Married,Sales,Manager,Medical,4,8989,11,39,2,0,3,13,Yes,3,4,3,3,5,1,No
EMP0422,46,Male,Married,Research & Development,Manufacturing Director,Marketing,1,18076,14,26,9,28,0,18,No,2,3,3,3,5,1,No
EMP0423,51,Male,Single,Research & Development,Research Director,Technical Degree,1,7315,19,3,3,27,3,27,No,2,1,2,3,1,0,No
EMP0424,37,Male,Married,Sales,Sales Executive,Medical,5,9167,13,19,9,19,6,12,No,2,3,4,3,3,3,No
EMP0425,57,Female,Single,Research & Development,Laboratory Technician,Technical Degree,4,3736,19,19,17,4,4,15,Yes,2,3,4,3,3,3,Yes
EMP0426,48,Male,Single,Sales,Sales Executive,Human Resources,3,17112,25,25,13,7,1,19,No,3,4,4,3,3,0,No
EMP0427,54,Female,Divorced,Sales,Sales Representative,Marketing,5,17020,22,40,11,9,5,2,No,4,4,2,3,5,0,No
EMP0428,47,Female,Single,Research & Development,Laboratory Technician,Human Resources,5,6298,24,0,0,16,6,7,No,4,4,1,3,1,3,No
EMP0429,50,Female,Divorced,Human Resources,HR Manager,Technical Degree,1,4589,15,40,18,10,6,24,No,3,2,3,3,5,0,No
EMP0430,18,Female,Divorced,Sales,Manager,Technical Degree,3,15130,24,10,5,0,7,4,No,2,2,4,3,4,1,Yes
EMP0431,29,Female,Married,Research & Development,Laboratory Technician,Technical Degree,5,4587,14,40,5,11,0,11,Yes,1,4,1,3,4,3,No
EMP0432,24,Male,Divorced,Sales,Sales Representative,Human Resources,1,4182,16,13,13,6,9,11,No,4,3,4,3,3,2,No
EMP0433,33,Female,Divorced,Research & Development,Research Director,Life Sciences,3,11830,22,6,0,15,8,28,No,4,2,1,3,2,1,No
EMP0434,60,Male,Single,Research & Development,Research Director,Other,3,1553,12,40,11,27,9,13,No,3,4,2,3,6,2,No
EMP0435,48,Female,Married,Human Resources,Human Resources,Human Resources,2,5700,18,33,18,28,8,10,No,1,2,4,3,6,1,No
EMP0436,48,Male,Single,Research & Development,Laboratory Technician,Medical,1,4465,12,27,0,30,7,9,Yes,3,4,3,3,5,1,No
EMP0437,49,Female,Single,Sales,Manager,Human Resources,5,3128,12,21,12,21,4,4,No,4,4,2,3,0,0,No
EMP0438,30,Female,Single,Research & Development,Research Scientist,Marketing,4,19913,21,0,0,6,2,12,Yes,2,4,4,3,4,1,Yes
EMP0439,52,Male,Married,Research & Development,Manufacturing Director,Medical,4,15944,24,9,9,34,1,23,Yes,1,3,3,3,2,3,No
EMP0440,49,Male,Married,Sales,Sales Representative,Medical,2,8384,17,3,3,22,6,18,No,4,3,2,4,2,3,No
EMP0441,43,Female,Married,Sales,Manager,Other,2,18966,22,25,3,18,2,19,Yes,1,3,4,3,3,3,No
EMP0442,31,Male,Divorced,Sales,Manager,Other,1,12878,16,36,3,11,0,6,No,2,4,4,3,0,3,No
EMP0443,25,Female,Single,Human Resources,HR Manager,Other,4,9037,18,2,2,7,1,13,Yes,4,3,2,3,6,3,No
EMP0444,46,Male,Single,Research & Development,Research Scientist,Life Sciences,4,17712,21,14,0,19,6,6,No,4,3,1,3,3,3,No
EMP0445,24,Female,Divorced,Research & Development,Laboratory Technician,Life Sciences,4,19229,19,34,16,6,2,20,No,1,2,1,3,0,3,Yes
EMP0446,26,Male,Divorced,Research & Development,Laboratory Technician,Marketing,1,3781,15,7,7,8,8,2,No,2,4,1,3,6,3,No
EMP0447,38,Male,Divorced,Research & Development,Manufacturing Director,Life Sciences,1,8778,20,2,2,4,2,9,Yes,2,2,2,3,5,3,Yes
EMP0448,34,Female,Married,Research & Development,Laboratory Technician,Life Sciences,3,14946,13,9,9,9,8,21,Yes,3,2,3,3,4,3,Yes
EMP0449,45,Male,Married,Research & Development,Laboratory Technician,Life Sciences,5,4613,11,35,13,24,3,5,Yes,1,3,3,3,2,0,No
EMP0450,32,Male,Single,Research & Development,Research Scientist,Human Resources,3,17052,17,6,6,14,5,6,No,3,3,1,4,6,1,No
EMP0451,52,Female,Divorced,Research & Development,Research Director,Medical,3,1320,23,32,4,34,5,24,No,2,4,3,3,5,1,Yes
EMP0452,47,Female,Divorced,Sales,Sales Representative,Marketing,3,15026,12,33,7,15,1,28,No,1,3,4,3,5,0,No
EMP0453,28,Female,Divorced,Research & Development,Research Scientist,Technical Degree,1,14902,17,32,4,10,0,27,No,1,4,1,3,5,2,No
EMP0454,60,Female,Single,Research & Development,Research Scientist,Other,5,8384,12,11,2,15,2,13,No,2,3,1,3,2,2,No
EMP0455,25,Female,Married,Sales,Sales Representative,Medical,1,19648,16,25,6,7,9,1,No,1,4,4,3,3,2,Yes
EMP0456,40,Female,Married,Research & Development,Laboratory Technician,Life Sciences,1,15125,21,31,6,14,2,1,Yes,2,4,1,4,6,2,Yes
EMP0457,41,Male,Divorced,Sales,Sales Representative,Marketing,1,15380,14,28,5,2,3,23,Yes,4,1,3,4,0,2,Yes
EMP0458,44,Male,Divorced,Research & Development,Research Scientist,Medical,4,9718,22,7,7,8,6,25,No,4,2,3,3,4,3,Yes
EMP0459,24,Male,Married,Research & Development,Laboratory Technician,Human Resources,1,8758,17,3,3,6,1,16,No,1,4,4,3,6,1,Yes
EMP0460,50,Male,Married,Sales,Sales Representative,Other,2,15071,12,12,12,25,2,19,No,1,2,2,4,1,1,Yes
EMP0461,30,Male,Divorced,Research & Development,Research Director,Medical,1,2678,21,24,13,12,8,2,No,2,2,3,3,3,0,Yes
EMP0462,41,Female,Single,Sales,Sales Representative,Marketing,1,6964,13,2,0,23,1,20,Yes,3,2,3,3,3,2,Yes
EMP0463,37,Male,Divorced,Sales,Manager,Human Resources,2,11862,13,23,11,2,1,13,No,3,2,3,3,0,0,No
EMP0464,59,Female,Single,Research & Development,Laboratory Technician,Life Sciences,5,12245,15,19,15,23,8,14,No,2,2,1,3,5,2,Yes
EMP0465,25,Female,Married,Research & Development,Research Scientist,Human Resources,5,1725,24,10,8,7,3,2,No,2,3,1,4,5,3,No
EMP0466,50,Female,Divorced,Human Resources,Human Resources,Technical Degree,5,13796,19,25,8,19,8,1,Yes,1,2,2,3,3,2,No
EMP0467,36,Male,Single,Research & Development,Research Scientist,Life Sciences,5,8814,14,18,1,0,3,2,No,3,2,3,4,6,0,No
EMP0468,58,Female,Single,Research & Development,Manufacturing Director,Other,5,9661,22,8,8,11,5,1,No,3,3,1,3,1,2,No
EMP0469,19,Female,Divorced,Research & Development,Research Scientist,Marketing,5,19060,13,13,13,1,6,8,Yes,3,2,4,3,2,3,No
EMP0470,47,Male,Divorced,Sales,Sales Executive,Technical Degree,2,10251,18,1,1,6,6,3,Yes,2,4,2,3,1,3,No
EMP0471,26,Male,Married,Research & Development,Research Scientist,Technical Degree,1,4614,11,0,0,8,0,20,Yes,1,3,2,4,6,0,Yes
EMP0472,39,Male,Single,Research & Development,Research Scientist,Technical Degree,5,15568,11,10,9,6,8,9,No,2,2,1,3,0,0,No
EMP0473,24,Male,Single,Research & Development,Research Director,Medical,1,8436,13,27,12,6,1,23,Yes,3,2,4,3,3,0,Yes
EMP0474,36,Male,Married,Research & Development,Manufacturing Director,Life Sciences,1,5960,24,11,11,18,4,22,No,2,4,2,4,4,2,No
EMP0475,35,Female,Divorced,Research & Development,Manufacturing Director,Life Sciences,1,5879,12,9,9,8,4,14,Yes,4,4,1,3,1,2,Yes
EMP0476,42,Female,Married,Research & Development,Research Director,Other,4,11935,20,8,7,5,6,19,No,4,4,2,3,4,1,No
EMP0477,18,Female,Divorced,Sales,Sales Executive,Technical Degree,2,4618,14,3,3,0,8,28,No,2,3,4,3,3,1,Yes
EMP0478,26,Male,Married,Sales,Manager,Other,1,14925,14,23,1,0,2,12,No,1,4,2,3,0,0,No
EMP0479,44,Female,Divorced,Sales,Sales Executive,Medical,5,10823,23,30,13,26,0,2,No,4,1,3,3,4,1,No
EMP0480,43,Female,Divorced,Research & Development,Research Director,Human Resources,3,8457,14,27,5,11,9,13,Yes,1,4,2,3,0,3,No
EMP0481,53,Female,Married,Research & Development,Research Scientist,Marketing,4,13476,23,10,1,1,5,3,No,4,2,3,3,4,2,No
EMP0482,28,Male,Divorced,Research & Development,Research Scientist,Life Sciences,3,7160,20,35,6,2,9,19,No,1,2,3,3,0,3,Yes
EMP0483,23,Female,Married,Research & Development,Research Scientist,Technical Degree,5,7394,19,20,12,1,8,24,No,2,1,3,3,0,1,No
EMP0484,42,Female,Single,Research & Development,Research Scientist,Medical,4,3589,22,40,2,24,8,6,No,2,2,2,3,4,2,No
EMP0485,39,Female,Single,Sales,Manager,Other,4,8844,24,13,2,21,4,28,No,4,1,1,3,4,0,Yes
EMP0486,38,Male,Single,Sales,Sales Representative,Marketing,5,12914,25,22,2,7,7,25,Yes,4,3,4,4,5,1,No
EMP0487,49,Female,Married,Sales,Sales Representative,Human Resources,2,15454,25,23,16,31,7,17,No,3,3,1,3,2,0,No
EMP0488,21,Male,Single,Research & Development,Laboratory Technician,Life Sciences,3,13323,18,10,10,3,1,22,No,1,2,4,4,2,3,No
EMP0489,47,Male,Married,Sales,Sales Executive,Technical Degree,2,14166,13,21,2,9,0,15,No,4,2,4,3,4,3,No
EMP0490,38,Male,Married,Research & Development,Research Director,Technical Degree,4,8002,15,3,3,5,2,3,No,4,3,3,3,0,3,No
EMP0491,46,Female,Single,Research & Development,Laboratory Technician,Life Sciences,1,15051,17,21,9,28,2,23,Yes,3,4,4,3,5,2,Yes
EMP0492,18,Male,Divorced,Research & Development,Laboratory Technician,Other,5,5747,19,20,10,0,6,4,Yes,4,2,4,4,2,0,No
EMP0493,26,Male,Single,Research & Development,Research Scientist,Other,2,14777,16,34,5,1,9,22,No,2,3,2,4,0,2,Yes
EMP0494,37,Female,Divorced,Research & Development,Research Scientist,Technical Degree,4,14456,13,22,11,19,6,15,No,4,3,1,4,2,1,No
EMP0495,36,Female,Divorced,Research & Development,Research Director,Human Resources,1,3880,21,6,2,18,8,20,No,4,1,4,3,0,3,No
EMP0496,20,Male,Single,Research & Development,Research Director,Technical Degree,5,13496,16,7,6,2,6,27,No,1,3,4,3,0,1,Yes
EMP0497,60,Male,Single,Sales,Sales Representative,Technical Degree,1,1517,17,1,1,39,3,14,No,3,3,2,4,4,1,No
EMP0498,21,Male,Divorced,Research & Development,Research Director,Technical Degree,2,14218,17,20,16,3,9,21,Yes,2,1,2,3,6,2,Yes
EMP0499,38,Male,Married,Sales,Sales Executive,Life Sciences,5,6024,21,1,1,11,7,5,No,1,4,1,3,5,2,Yes
EMP0500,32,Male,Divorced,Sales,Manager,Technical Degree,3,2704,13,17,2,14,1,20,No,1,1,1,3,0,2,No
EMP0501,23,Male,Married,Sales,Sales Representative,Life Sciences,4,1728,13,26,2,5,7,11,No,1,2,4,3,6,1,Yes
EMP0502,29,Male,Married,Research & Development,Research Scientist,Marketing,4,18916,19,0,0,11,0,18,No,3,1,2,3,4,1,No
EMP0503,25,Female,Single,Research & Development,Research Scientist,Medical,1,5156,19,17,8,7,7,26,No,1,3,3,3,3,3,Yes
EMP0504,30,Female,Single,Research & Development,Manufacturing Director,Human Resources,5,11219,16,10,6,12,4,24,No,4,4,4,3,6,0,No
EMP0505,30,Male,Married,Research & Development,Manufacturing Director,Medical,1,17765,23,16,16,12,5,26,No,3,4,1,3,3,1,No
EMP0506,31,Male,Married,Research & Development,Manufacturing Director,Life Sciences,1,11448,14,0,0,13,3,20,Yes,3,2,1,3,4,0,Yes
EMP0507,56,Female,Divorced,Research & Development,Research Scientist,Technical Degree,3,11498,18,12,6,38,1,14,Yes,4,4,1,4,0,1,Yes
EMP0508,42,Female,Single,Sales,Sales Executive,Other,5,1161,12,29,9,19,1,1,Yes,4,1,1,3,3,3,Yes
EMP0509,40,Female,Divorced,Research & Development,Manufacturing Director,Life Sciences,4,10788,12,29,15,22,0,2,No,1,3,1,3,1,2,Yes
EMP0510,23,Male,Divorced,Sales,Sales Representative,Life Sciences,3,2420,22,7,1,5,6,26,No,1,3,3,3,2,1,No
EMP0511,25,Female,Divorced,Sales,Sales Executive,Technical Degree,1,18106,15,33,7,5,3,16,No,4,3,3,3,0,2,No
EMP0512,33,Male,Single,Research & Development,Laboratory Technician,Technical Degree,1,7971,19,0,0,15,9,7,No,4,2,4,3,6,2,No
EMP0513,59,Male,Single,Sales,Manager,Medical,3,13643,20,28,16,9,4,6,Yes,4,2,1,3,6,0,Yes
EMP0514,24,Male,Married,Research & Development,Laboratory Technician,Medical,3,1945,19,30,16,6,2,7,No,3,1,1,3,3,3,Yes
EMP0515,46,Male,Divorced,Sales,Sales Executive,Technical Degree,4,7363,14,18,6,3,3,2,No,3,4,4,3,0,0,No
EMP0516,54,Male,Married,Sales,Sales Executive,Medical,5,14265,15,25,12,0,5,7,Yes,3,4,2,3,5,2,Yes
EMP0517,50,Female,Divorced,Research & Development,Research Director,Medical,2,11334,13,4,4,4,5,14,Yes,4,2,1,3,0,2,Yes
EMP0518,18,Male,Married,Research & Development,Research Director,Medical,4,4593,15,2,0,0,1,25,No,3,2,2,3,0,2,No
EMP0519,40,Female,Married,Human Resources,HR Manager,Marketing,4,1453,17,22,9,9,0,24,No,4,1,3,3,1,1,Yes
EMP0520,19,Female,Married,Sales,Manager,Medical,1,7360,20,24,3,1,5,12,No,4,2,3,4,3,3,No
EMP0521,20,Male,Married,Research & Development,Manufacturing Director,Technical Degree,5,12379,19,18,3,2,4,17,No,4,2,4,3,4,1,No
EMP0522,22,Female,Single,Research & Development,Research Scientist,Medical,3,5053,23,3,3,4,5,5,No,4,3,1,3,2,1,No
EMP0523,27,Female,Divorced,Human Resources,Human Resources,Life Sciences,3,8180,25,2,2,9,1,29,No,2,4,4,3,2,2,Yes
EMP0524,54,Male,Divorced,Research & Development,Manufacturing Director,Medical,3,5455,13,26,17,27,7,21,Yes,3,1,3,3,4,3,Yes
EMP0525,51,Female,Married,Research & Development,Manufacturing Director,Marketing,4,16296,14,26,13,8,4,20,No,1,4,1,3,6,2,No
EMP0526,54,Female,Single,Research & Development,Research Scientist,Technical Degree,1,16174,20,33,14,18,1,21,No,1,1,3,3,2,0,No
EMP0527,39,Male,Divorced,Research & Development,Research Scientist,Medical,5,5732,22,35,15,7,7,1,Yes,2,3,3,3,4,1,Yes
EMP0528,27,Male,Single,Research & Development,Research Scientist,Medical,1,16532,24,1,1,9,3,6,No,1,1,3,3,6,2,No
EMP0529,60,Male,Divorced,Research & Development,Research Director,Life Sciences,2,5651,18,15,5,17,1,22,No,2,4,4,3,4,2,No
EMP0530,24,Male,Single,Research & Development,Research Director,Marketing,4,4945,25,36,12,6,2,12,Yes,3,1,4,3,3,3,Yes
EMP0531,28,Female,Divorced,Research & Development,Laboratory Technician,Human Resources,4,17820,23,4,4,10,2,26,No,3,3,4,3,2,2,Yes
EMP0532,59,Male,Divorced,Research & Development,Research Director,Other,5,18226,12,16,4,31,2,28,No,3,4,1,3,1,0,No
EMP0533,48,Male,Single,Research & Development,Laboratory Technician,Medical,4,14773,24,4,1,11,9,12,No,1,1,1,3,5,0,Yes
EMP0534,46,Male,Married,Research & Development,Laboratory Technician,Technical Degree,4,10383,11,14,6,0,1,21,No,4,2,1,3,1,1,No
EMP0535,44,Female,Single,Research & Development,Research Scientist,Other,5,17267,12,12,6,26,2,18,No,4,3,3,3,6,3,No
EMP0536,22,Female,Single,Research & Development,Laboratory Technician,Life Sciences,4,8564,24,3,3,4,1,12,No,2,3,3,3,6,1,Yes
EMP0537,54,Female,Married,Sales,Manager,Human Resources,1,18898,25,7,7,8,3,9,No,3,1,1,3,2,0,Yes
EMP0538,39,Male,Married,Research & Development,Research Scientist,Life Sciences,5,2167,18,22,2,21,1,2,No,1,4,2,3,0,1,Yes
EMP0539,37,Male,Single,Research & Development,Laboratory Technician,Life Sciences,2,18513,22,38,12,19,2,13,No,1,4,1,3,3,3,Yes
EMP0540,46,Female,Married,Sales,Manager,Medical,3,15313,11,3,3,15,8,29,Yes,1,2,4,3,4,0,No
EMP0541,22,Male,Married,Sales,Sales Representative,Life Sciences,3,12466,15,38,7,4,1,22,No,2,4,4,3,0,1,No
EMP0542,40,Female,Divorced,Research & Development,Laboratory Technician,Marketing,3,19077,20,18,7,17,6,29,No,3,3,1,3,5,3,Yes
EMP0543,26,Female,Divorced,Research & Development,Laboratory Technician,Human Resources,2,5031,11,23,4,8,7,1,Yes,2,4,4,4,6,2,No
EMP0544,37,Male,Married,Research & Development,Research Scientist,Human Resources,4,17240,11,1,1,2,6,22,No,1,2,2,3,4,2,Yes
EMP0545,40,Female,Divorced,Research & Development,Manufacturing Director,Medical,1,12181,19,39,13,22,4,22,No,1,1,4,4,6,3,No
EMP0546,54,Male,Married,Research & Development,Manufacturing Director,Technical Degree,2,5330,17,0,0,36,5,10,No,3,1,2,3,4,0,Yes
EMP0547,35,Male,Married,Research & Development,Research Scientist,Human Resources,3,9676,24,11,11,17,7,12,No,4,1,4,3,5,1,Yes
EMP0548,23,Female,Single,Sales,Manager,Technical Degree,2,9463,12,17,8,5,0,20,No,2,2,2,3,1,0,No
EMP0549,46,Male,Single,Research & Development,Research Scientist,Other,3,9444,19,1,1,15,7,17,No,1,2,3,3,0,0,Yes
EMP0550,54,Male,Divorced,Research & Development,Research Director,Technical Degree,3,5697,20,1,1,10,7,12,No,3,3,4,4,2,0,No
EMP0551,36,Male,Divorced,Research & Development,Research Scientist,Medical,3,17746,21,32,18,4,6,5,No,2,4,1,3,6,0,No
EMP0552,32,Male,Divorced,Research & Development,Research Director,Life Sciences,5,16486,23,33,16,14,3,11,No,3,2,3,4,6,2,No
EMP0553,25,Female,Married,Research & Development,Research Director,Life Sciences,3,19374,24,32,2,7,9,8,No,4,2,4,3,6,1,No
EMP0554,44,Female,Married,Research & Development,Laboratory Technician,Marketing,3,4874,13,5,5,26,7,29,No,2,4,2,4,0,0,Yes
EMP0555,53,Male,Single,Research & Development,Research Director,Life Sciences,4,1793,22,10,2,7,8,23,Yes,4,4,3,3,1,2,Yes
EMP0556,39,Male,Single,Research & Development,Research Scientist,Other,3,15718,23,26,14,9,2,24,No,4,3,4,3,5,0,No
EMP0557,55,Female,Married,Research & Development,Research Director,Technical Degree,2,17677,25,37,8,18,9,2,No,1,2,3,3,4,3,No
EMP0558,38,Male,Divorced,Research & Development,Laboratory Technician,Other,2,15116,18,33,8,14,4,4,No,3,1,3,3,2,3,No
EMP0559,36,Male,Single,Research & Development,Manufacturing Director,Other,3,5629,14,6,6,18,8,18,No,2,1,1,4,6,0,No
EMP0560,19,Female,Divorced,Research & Development,Manufacturing Director,Technical Degree,5,5143,22,29,9,1,2,3,No,1,4,4,3,2,0,No
EMP0561,32,Male,Divorced,Research & Development,Manufacturing Director,Marketing,3,15868,14,40,16,14,8,23,No,1,3,1,3,2,0,No
EMP0562,33,Male,Divorced,Sales,Sales Representative,Medical,3,16413,24,9,9,0,1,29,No,4,3,2,3,4,1,No
EMP0563,49,Male,Single,Research & Development,Laboratory Technician,Technical Degree,3,13470,21,40,18,31,3,27,Yes,3,4,2,4,2,3,No
EMP0564,43,Female,Single,Research & Development,Research Director,Medical,1,10422,22,26,14,8,1,11,No,4,1,2,3,2,3,No
EMP0565,48,Female,Divorced,Research & Development,Research Director,Medical,1,10542,23,17,16,27,6,11,Yes,4,1,3,3,3,3,Yes
EMP0566,21,Male,Married,Sales,Manager,Other,1,11118,13,28,13,1,9,20,Yes,2,2,1,4,2,0,No
EMP0567,23,Female,Divorced,Research & Development,Manufacturing Director,Life Sciences,1,18004,17,13,11,5,5,6,No,2,4,2,3,2,1,No
EMP0568,18,Male,Divorced,Sales,Sales Executive,Technical Degree,4,2394,17,10,9,0,6,4,No,2,2,1,3,5,1,No
EMP0569,22,Female,Single,Sales,Manager,Life Sciences,5,5984,15,6,6,4,0,24,No,2,3,3,3,2,3,Yes
EMP0570,59,Female,Married,Research & Development,Research Director,Life Sciences,2,14323,23,35,8,28,6,24,No,2,4,1,4,2,0,Yes
EMP0571,19,Female,Married,Research & Development,Laboratory Technician,Technical Degree,5,4579,12,19,10,1,9,16,Yes,1,1,2,3,1,1,Yes
EMP0572,48,Male,Married,Research & Development,Laboratory Technician,Marketing,4,11214,18,21,4,20,8,25,Yes,4,1,3,3,6,3,No
EMP0573,33,Male,Single,Research & Development,Research Director,Technical Degree,1,13319,18,8,0,15,0,4,Yes,1,2,2,3,3,1,No
EMP0574,49,Female,Married,Sales,Manager,Life Sciences,3,4861,19,27,9,31,2,6,No,3,3,3,3,2,1,No
EMP0575,41,Female,Married,Research & Development,Manufacturing Director,Medical,3,5443,11,10,10,12,7,5,No,4,1,3,3,0,2,No
EMP0576,24,Male,Single,Research & Development,Manufacturing Director,Human Resources,4,6135,25,4,4,6,4,9,No,2,3,1,4,6,3,No
EMP0577,41,Female,Divorced,Research & Development,Research Director,Human Resources,2,3547,19,37,4,21,2,4,Yes,2,3,2,3,6,3,Yes
EMP0578,55,Male,Single,Research & Development,Research Director,Life Sciences,2,8101,23,5,4,27,2,2,Yes,4,1,3,3,4,3,No
EMP0579,38,Male,Divorced,Sales,Sales Executive,Technical Degree,4,13642,13,30,11,20,4,21,No,3,1,2,4,5,3,No
EMP0580,34,Female,Single,Research & Development,Research Director,Life Sciences,3,16281,18,22,13,16,0,24,Yes,2,4,3,3,1,2,Yes
EMP0581,55,Female,Married,Research & Development,Research Scientist,Human Resources,1,9955,11,2,2,37,9,2,No,4,1,3,3,6,3,No
EMP0582,49,Male,Single,Sales,Manager,Marketing,1,6028,24,11,4,12,5,2,Yes,1,1,4,3,0,2,No
EMP0583,19,Male,Divorced,Research & Development,Manufacturing Director,Other,3,17928,15,0,0,1,2,17,No,1,1,2,3,5,0,Yes
EMP0584,35,Male,Divorced,Research & Development,Research Director,Other,1,11205,25,17,17,11,1,15,No,3,4,1,3,0,0,No
EMP0585,29,Male,Single,Research & Development,Research Scientist,Medical,3,16093,15,5,5,11,4,23,No,2,2,3,3,1,1,Yes
EMP0586,32,Male,Single,Research & Development,Manufacturing Director,Marketing,3,15413,24,16,2,9,2,22,No,3,3,4,3,0,3,No
EMP0587,31,Female,Divorced,Human Resources,HR Manager,Other,3,7806,25,21,16,13,4,15,No,3,1,2,3,0,0,No
EMP0588,29,Female,Married,Research & Development,Research Director,Human Resources,4,2118,25,20,3,11,1,11,No,1,2,4,3,1,2,Yes
EMP0589,52,Female,Divorced,Sales,Sales Executive,Technical Degree,5,19882,11,27,12,32,6,16,No,2,3,3,3,2,1,Yes
EMP0590,45,Male,Single,Research & Development,Research Director,Human Resources,2,10858,23,38,16,22,1,2,Yes,2,2,3,3,2,1,Yes
EMP0591,28,Male,Single,Research & Development,Laboratory Technician,Marketing,3,3642,18,11,7,10,5,18,No,4,1,2,3,0,1,Yes
EMP0592,53,Female,Divorced,Research & Development,Laboratory Technician,Technical Degree,4,8963,17,6,6,22,6,27,Yes,2,4,3,4,4,0,Yes
EMP0593,55,Male,Single,Sales,Manager,Marketing,3,12145,15,32,0,5,0,7,No,4,1,2,3,1,3,No
EMP0594,59,Female,Married,Sales,Sales Executive,Technical Degree,4,2150,24,16,13,0,1,12,Yes,4,1,4,3,5,3,Yes
EMP0595,26,Female,Single,Research & Development,Research Director,Technical Degree,4,14852,19,3,3,7,5,23,No,1,4,3,3,6,2,No
EMP0596,45,Male,Single,Research & Development,Research Director,Life Sciences,3,9457,18,12,12,23,1,2,No,4,4,1,3,6,3,Yes
EMP0597,56,Female,Married,Research & Development,Manufacturing Director,Other,3,1780,12,34,8,2,0,10,Yes,3,4,1,3,4,2,Yes
EMP0598,43,Male,Single,Sales,Sales Executive,Other,2,17178,13,27,8,24,5,11,No,4,2,4,3,0,0,No
EMP0599,23,Female,Married,Research & Development,Manufacturing Director,Life Sciences,2,9425,23,5,5,5,3,18,No,2,3,3,3,5,0,No
EMP0600,31,Female,Divorced,Research & Development,Research Director,Other,2,10080,17,32,1,13,0,7,No,2,3,3,3,6,1,No
EMP0601,56,Male,Single,Research & Development,Manufacturing Director,Medical,1,11645,16,14,2,20,8,16,No,4,4,3,3,0,2,No
EMP0602,46,Female,Single,Sales,Manager,Human Resources,2,13790,15,16,12,20,8,24,Yes,1,4,3,3,2,2,Yes
EMP0603,47,Male,Divorced,Sales,Manager,Marketing,5,15149,20,26,0,6,2,18,No,3,4,2,3,3,0,No
EMP0604,31,Male,Single,Human Resources,HR Manager,Other,4,19033,25,26,11,13,1,21,No,4,3,3,3,5,2,No
EMP0605,43,Female,Married,Sales,Sales Representative,Marketing,4,6152,21,11,11,25,6,4,No,3,4,2,3,4,3,No
EMP0606,58,Male,Divorced,Sales,Sales Executive,Human Resources,5,3647,12,38,18,1,7,21,No,1,3,2,3,5,2,No
EMP0607,59,Male,Married,Research & Development,Laboratory Technician,Marketing,2,6750,21,30,6,15,7,15,No,3,1,1,3,1,3,No
EMP0608,47,Female,Single,Research & Development,Research Scientist,Medical,4,3297,19,0,0,29,4,14,No,4,4,4,3,5,0,No
EMP0609,52,Female,Divorced,Research & Development,Research Director,Life Sciences,3,14063,24,2,2,10,4,28,No,4,4,1,3,6,0,No
EMP0610,60,Female,Single,Research & Development,Laboratory Technician,Marketing,1,11823,23,4,4,16,7,23,No,4,2,3,3,2,3,No
EMP0611,56,Male,Divorced,Sales,Sales Executive,Marketing,1,8251,18,23,18,9,7,10,No,3,3,2,3,5,2,No
EMP0612,26,Female,Married,Sales,Sales Representative,Other,2,1926,18,13,13,8,8,24,No,1,3,3,3,3,1,No
EMP0613,55,Female,Married,Research & Development,Manufacturing Director,Technical Degree,2,18219,13,30,5,37,3,10,No,4,1,1,3,1,2,No
EMP0614,25,Female,Married,Research & Development,Manufacturing Director,Human Resources,1,18183,19,14,6,3,1,17,No,1,4,1,4,2,0,No
EMP0615,51,Male,Divorced,Sales,Sales Representative,Other,2,8491,19,29,5,3,1,24,Yes,3,3,1,3,1,2,Yes
EMP0616,33,Female,Single,Research & Development,Research Director,Human Resources,1,11457,14,40,2,15,8,4,Yes,1,4,1,3,4,3,Yes
EMP0617,55,Female,Divorced,Research & Development,Research Scientist,Medical,5,15959,21,0,0,16,8,16,No,3,4,2,3,2,2,No
EMP0618,33,Female,Single,Research & Development,Manufacturing Director,Medical,4,1222,25,20,16,15,4,22,No,2,2,1,3,0,3,Yes
EMP0619,52,Male,Single,Research & Development,Laboratory Technician,Medical,3,17451,13,19,10,10,9,7,No,4,1,3,4,5,2,Yes
EMP0620,43,Male,Married,Research & Development,Laboratory Technician,Human Resources,4,14670,22,17,7,25,5,11,No,4,3,3,3,6,2,No
EMP0621,54,Male,Married,Research & Development,Research Director,Life Sciences,4,12596,16,8,8,20,4,9,No,1,2,2,3,6,0,No
EMP0622,42,Male,Divorced,Research & Development,Laboratory Technician,Human Resources,4,9986,25,6,2,15,6,2,Yes,3,4,4,4,5,3,Yes
EMP0623,56,Male,Single,Research & Development,Research Scientist,Other,3,10054,23,34,11,9,1,24,No,3,1,4,3,2,3,No
EMP0624,55,Male,Married,Sales,Sales Executive,Medical,3,19776,16,34,8,13,5,3,No,3,1,2,3,6,3,Yes
EMP0625,47,Female,Single,Sales,Sales Representative,Other,3,9376,19,38,0,29,0,26,Yes,4,4,4,3,6,0,Yes
EMP0626,54,Female,Divorced,Research & Development,Research Scientist,Technical Degree,3,19844,25,21,2,36,1,28,No,1,1,2,3,4,3,No
EMP0627,30,Female,Married,Research & Development,Research Director,Technical Degree,2,11836,11,4,4,1,9,13,No,3,4,4,4,2,3,Yes
EMP0628,38,Male,Divorced,Research & Development,Manufacturing Director,Other,3,18453,12,29,6,20,4,7,No,3,2,2,3,1,0,No
EMP0629,20,Male,Married,Research & Development,Manufacturing Director,Marketing,2,7851,12,12,9,1,2,1,Yes,3,2,2,3,3,3,Yes
EMP0630,31,Female,Married,Research & Development,Research Director,Medical,2,13477,20,37,3,13,7,4,Yes,2,1,2,3,5,2,Yes
EMP0631,31,Female,Married,Human Resources,HR Manager,Human Resources,1,15982,24,1,0,13,1,10,No,4,4,1,3,3,2,No
EMP0632,23,Female,Single,Research & Development,Research Director,Marketing,3,2495,20,9,7,5,0,16,Yes,1,2,2,3,0,1,Yes
EMP0633,44,Male,Single,Research & Development,Research Director,Human Resources,2,6960,15,23,3,1,5,21,No,1,4,2,3,6,2,No
EMP0634,39,Male,Divorced,Sales,Sales Representative,Medical,4,2532,17,34,12,7,3,29,No,2,2,1,3,0,0,No
EMP0635,47,Male,Divorced,Human Resources,HR Manager,Other,1,11213,22,30,15,29,9,12,No,3,2,3,3,5,0,No
EMP0636,54,Male,Single,Sales,Sales Executive,Medical,1,4115,22,25,9,36,4,24,No,1,2,2,3,2,3,Yes
EMP0637,54,Male,Married,Human Resources,HR Manager,Technical Degree,3,5767,11,37,1,10,2,1,No,4,1,2,4,5,1,No
EMP0638,18,Female,Single,Research & Development,Research Director,Other,5,14301,16,28,6,0,8,21,No,3,4,1,3,2,1,No
EMP0639,49,Male,Divorced,Research & Development,Research Director,Marketing,5,9622,19,4,4,8,1,15,No,1,2,1,3,0,2,No
EMP0640,37,Male,Married,Research & Development,Research Scientist,Human Resources,2,5652,22,14,0,19,8,12,Yes,3,2,1,3,1,1,Yes
EMP0641,28,Male,Divorced,Research & Development,Laboratory Technician,Human Resources,4,7634,16,17,1,10,7,14,No,4,3,4,4,3,1,Yes
EMP0642,34,Male,Divorced,Research & Development,Manufacturing Director,Human Resources,5,3198,20,3,3,15,6,6,Yes,4,2,2,3,3,1,No
EMP0643,22,Male,Married,Sales,Sales Representative,Life Sciences,5,5984,12,13,13,4,4,17,Yes,3,3,1,3,4,3,No
EMP0644,37,Male,Single,Research & Development,Research Director,Other,3,9925,15,2,2,19,7,6,No,3,1,4,3,6,1,Yes
EMP0645,56,Male,Divorced,Research & Development,Manufacturing Director,Technical Degree,4,14826,24,3,3,22,6,11,No,3,3,3,3,5,2,No
EMP0646,24,Male,Divorced,Research & Development,Research Director,Technical Degree,2,15222,23,17,3,6,9,4,No,4,4,4,3,6,0,No
EMP0647,33,Female,Divorced,Research & Development,Research Director,Other,1,12389,13,28,14,15,3,1,No,1,4,4,3,4,0,No
EMP0648,24,Male,Divorced,Sales,Sales Representative,Technical Degree,3,12759,21,22,11,6,7,11,No,2,3,4,3,5,2,No
EMP0649,53,Female,Single,Research & Development,Research Director,Technical Degree,1,11945,17,22,17,35,1,24,No,2,3,3,3,5,2,No
EMP0650,29,Female,Divorced,Research & Development,Laboratory Technician,Technical Degree,3,12051,22,28,11,11,4,19,No,2,3,1,3,4,2,No
EMP0651,43,Male,Single,Research & Development,Research Scientist,Life Sciences,5,14268,20,16,4,20,4,4,No,3,4,2,4,4,0,No
EMP0652,46,Male,Divorced,Research & Development,Laboratory Technician,Marketing,1,17212,24,14,7,28,3,10,Yes,2,4,2,3,0,3,Yes
EMP0653,53,Female,Single,Human Resources,Human Resources,Human Resources,5,14103,16,40,18,20,6,9,No,4,3,3,3,2,1,No
EMP0654,22,Female,Divorced,Research & Development,Laboratory Technician,Medical,5,19980,16,8,3,4,3,20,No,4,3,1,3,5,1,No
EMP0655,21,Female,Divorced,Research & Development,Research Director,Technical Degree,1,6623,16,1,1,3,1,5,No,1,3,4,4,5,0,No
EMP0656,19,Female,Divorced,Research & Development,Research Director,Medical,4,8060,13,28,9,0,8,29,No,3,3,2,3,3,2,No
EMP0657,21,Male,Single,Research & Development,Manufacturing Director,Human Resources,1,18368,12,26,5,3,1,16,No,2,2,2,3,2,0,No
EMP0658,42,Female,Single,Research & Development,Research Director,Marketing,2,4150,14,19,11,24,6,9,Yes,4,3,4,3,1,2,Yes
EMP0659,46,Male,Divorced,Research & Development,Manufacturing Director,Life Sciences,5,2947,16,23,3,11,9,1,Yes,1,1,3,3,4,0,Yes
EMP0660,57,Female,Single,Research & Development,Laboratory Technician,Other,2,13269,12,36,5,18,8,2,No,2,2,4,3,6,2,Yes
EMP0661,29,Male,Married,Research & Development,Laboratory Technician,Medical,5,6096,16,39,10,11,5,3,No,4,4,1,3,1,1,No
EMP0662,49,Male,Married,Sales,Sales Representative,Life Sciences,4,4245,14,33,2,31,7,5,No,3,4,2,3,6,2,No
EMP0663,45,Male,Married,Research & Development,Research Director,Life Sciences,3,19400,22,30,12,20,4,3,No,3,1,1,3,4,1,No
EMP0664,52,Female,Single,Sales,Sales Representative,Marketing,5,2727,25,27,16,20,7,4,No,2,3,1,4,1,1,Yes
EMP0665,31,Male,Married,Research & Development,Research Scientist,Medical,1,10526,13,0,0,13,6,12,No,3,2,4,3,0,1,Yes
EMP0666,60,Female,Single,Sales,Sales Representative,Other,3,14417,11,0,0,2,4,16,No,4,3,2,3,4,3,No
EMP0667,46,Male,Single,Sales,Manager,Other,1,4786,19,10,10,18,6,23,Yes,3,2,3,4,2,2,No
EMP0668,34,Female,Single,Sales,Sales Executive,Life Sciences,5,17326,17,12,4,5,0,8,No,1,4,4,3,6,1,No
EMP0669,22,Female,Married,Sales,Manager,Other,2,15493,24,38,1,4,2,1,No,2,2,3,3,2,2,No
EMP0670,30,Female,Married,Research & Development,Research Scientist,Medical,3,17576,14,4,4,12,1,15,Yes,2,3,4,3,6,2,Yes
EMP0671,53,Male,Divorced,Human Resources,Human Resources,Life Sciences,4,17984,14,34,0,24,1,29,No,2,3,3,3,5,0,Yes
EMP0672,21,Male,Divorced,Research & Development,Research Scientist,Life Sciences,5,18886,14,4,0,3,7,13,No,4,4,3,3,5,3,No
EMP0673,58,Female,Divorced,Research & Development,Laboratory Technician,Marketing,2,5740,15,18,5,2,6,1,No,4,3,2,3,6,1,No
EMP0674,52,Male,Divorced,Research & Development,Research Director,Marketing,2,14306,17,26,13,33,5,11,No,4,4,4,3,5,1,No
EMP0675,31,Female,Married,Research & Development,Laboratory Technician,Human Resources,4,13290,11,19,6,13,9,27,No,4,1,4,3,3,1,No
EMP0676,28,Male,Married,Research & Development,Research Director,Life Sciences,2,13656,24,36,5,10,7,11,Yes,2,4,2,3,1,1,Yes
EMP0677,57,Male,Single,Research & Development,Research Scientist,Life Sciences,1,1293,12,3,3,39,4,7,No,3,3,2,3,6,2,No
EMP0678,55,Female,Married,Research & Development,Research Director,Other,2,10503,13,19,3,17,9,18,No,2,2,2,3,3,3,No
EMP0679,33,Female,Single,Human Resources,Human Resources,Life Sciences,2,13491,18,30,12,15,7,6,No,1,3,4,3,0,2,No
EMP0680,41,Female,Divorced,Sales,Sales Executive,Technical Degree,2,4645,13,12,10,16,9,29,No,1,3,4,3,3,2,Yes
EMP0681,35,Female,Married,Human Resources,Human Resources,Medical,1,8834,12,19,8,17,7,25,No,4,3,1,3,5,2,Yes
EMP0682,57,Male,Married,Sales,Manager,Technical Degree,2,16413,22,24,12,8,6,17,Yes,3,4,3,3,3,2,No
EMP0683,34,Female,Married,Research & Development,Research Director,Life Sciences,4,3787,13,20,16,5,5,6,No,1,2,1,3,0,1,No
EMP0684,18,Male,Single,Research & Development,Manufacturing Director,Human Resources,4,11851,17,6,3,0,1,23,Yes,2,2,1,3,0,1,Yes
EMP0685,23,Female,Single,Research & Development,Laboratory Technician,Other,4,7105,15,30,9,5,2,3,No,1,4,2,3,1,1,No
EMP0686,30,Male,Single,Research & Development,Research Scientist,Marketing,2,6331,14,25,18,12,5,27,No,4,3,2,3,5,0,Yes
EMP0687,28,Female,Married,Sales,Sales Executive,Other,1,15102,15,5,5,10,1,20,Yes,1,3,3,3,4,2,Yes
EMP0688,48,Female,Married,Research & Development,Manufacturing Director,Human Resources,2,8483,24,37,5,28,6,11,Yes,3,4,4,4,3,3,Yes
EMP0689,42,Male,Married,Research & Development,Research Scientist,Technical Degree,2,14097,13,23,0,21,6,1,No,2,2,2,3,3,2,Yes
EMP0690,49,Female,Single,Research & Development,Manufacturing Director,Medical,4,17364,22,27,13,31,1,4,No,2,4,1,3,2,3,Yes
EMP0691,33,Male,Married,Research & Development,Research Director,Technical Degree,1,11101,22,40,5,8,4,17,No,3,4,1,3,2,2,No
EMP0692,48,Female,Married,Sales,Sales Representative,Medical,2,11697,16,14,10,30,3,11,No,4,3,3,3,1,1,No
EMP0693,33,Male,Married,Research & Development,Research Director,Human Resources,1,13596,23,9,9,9,3,13,Yes,4,4,3,3,6,2,No
EMP0694,21,Male,Married,Research & Development,Laboratory Technician,Marketing,5,16821,23,35,4,3,3,18,No,3,4,3,3,6,1,No
EMP0695,36,Female,Single,Research & Development,Laboratory Technician,Technical Degree,4,1366,16,19,8,9,6,25,Yes,3,1,1,3,0,3,Yes
EMP0696,42,Female,Single,Research & Development,Research Director,Marketing,4,10051,18,12,12,9,5,28,No,2,3,1,3,4,2,Yes
EMP0697,42,Female,Married,Research & Development,Research Director,Medical,3,2140,12,18,10,15,2,3,No,1,1,2,3,1,1,Yes
EMP0698,41,Male,Married,Human Resources,HR Manager,Marketing,1,17145,13,25,17,16,3,3,Yes,4,4,2,3,3,0,Yes
EMP0699,21,Male,Divorced,Research & Development,Research Scientist,Other,2,16694,21,2,1,1,6,11,Yes,2,2,2,3,6,3,Yes
EMP0700,36,Male,Single,Research & Development,Research Director,Medical,5,2188,13,13,7,13,8,12,No,1,3,1,3,6,3,Yes
EMP0701,18,Female,Divorced,Research & Development,Manufacturing Director,Marketing,5,13736,21,10,6,0,6,9,No,3,3,2,3,0,2,Yes
EMP0702,56,Male,Single,Human Resources,HR Manager,Life Sciences,1,13705,25,6,6,13,3,2,Yes,3,2,3,3,4,2,No
EMP0703,37,Female,Single,Sales,Sales Executive,Technical Degree,4,11735,20,29,12,0,3,10,No,2,4,4,3,0,0,No
EMP0704,57,Female,Single,Sales,Sales Executive,Marketing,4,13507,15,36,5,1,5,24,Yes,3,2,2,4,0,3,Yes
EMP0705,20,Male,Married,Research & Development,Manufacturing Director,Technical Degree,2,4951,24,40,0,2,3,24,No,4,2,1,3,3,2,Yes
EMP0706,54,Male,Single,Research & Development,Laboratory Technician,Technical Degree,4,1988,12,2,2,18,0,19,No,4,4,2,4,5,2,No
EMP0707,30,Female,Single,Research & Development,Research Scientist,Medical,4,1072,16,2,2,12,0,24,No,4,4,2,3,2,0,Yes
EMP0708,48,Female,Divorced,Research & Development,Manufacturing Director,Human Resources,5,5783,24,20,11,30,4,25,No,4,3,4,4,1,3,No
EMP0709,45,Male,Married,Sales,Sales Representative,Marketing,4,15779,23,34,5,13,2,27,No,3,2,3,3,6,1,No
EMP0710,43,Male,Divorced,Sales,Sales Representative,Human Resources,1,18034,25,6,6,25,5,11,Yes,2,2,3,3,4,3,No
EMP0711,43,Female,Divorced,Sales,Sales Representative,Life Sciences,2,15874,23,9,6,19,4,23,No,1,4,2,4,1,3,No
EMP0712,52,Male,Single,Research & Development,Laboratory Technician,Life Sciences,3,4976,21,13,5,0,6,4,No,1,1,3,3,2,3,No
EMP0713,37,Male,Married,Research & Development,Manufacturing Director,Technical Degree,5,16686,18,40,18,19,4,1,Yes,4,1,4,3,5,3,No
EMP0714,45,Female,Single,Research & Development,Manufacturing Director,Technical Degree,1,16981,17,5,5,15,1,23,Yes,1,1,2,3,3,2,Yes
EMP0715,48,Female,Single,Sales,Sales Representative,Human Resources,4,4120,20,0,0,30,4,15,No,1,4,1,3,5,3,No
EMP0716,21,Female,Single,Sales,Sales Executive,Technical Degree,3,6341,18,2,2,0,3,3,No,4,1,2,4,3,1,Yes
EMP0717,59,Male,Married,Research & Development,Research Director,Medical,2,12152,11,37,15,31,9,5,Yes,4,1,1,3,4,3,Yes
EMP0718,45,Female,Divorced,Sales,Manager,Human Resources,1,14726,17,30,1,8,5,29,Yes,4,1,1,3,3,1,Yes
EMP0719,28,Male,Married,Sales,Sales Executive,Other,5,13241,15,35,8,10,3,8,No,2,4,1,3,1,1,Yes
EMP0720,21,Male,Divorced,Research & Development,Research Scientist,Other,3,18393,21,0,0,3,3,26,No,2,3,2,4,1,3,Yes
EMP0721,24,Male,Single,Sales,Manager,Other,2,17716,24,9,2,6,5,14,No,1,2,2,3,1,2,Yes
EMP0722,45,Female,Single,Sales,Sales Representative,Medical,3,13813,20,28,7,27,2,25,No,2,4,4,3,1,2,No
EMP0723,45,Male,Divorced,Research & Development,Research Director,Life Sciences,2,2318,24,23,8,27,5,20,No,4,3,3,3,2,3,No
EMP0724,55,Female,Married,Research & Development,Laboratory Technician,Life Sciences,4,12229,19,34,16,20,4,28,No,1,3,3,4,4,1,No
EMP0725,38,Female,Married,Research & Development,Laboratory Technician,Medical,3,17972,21,26,8,20,4,23,Yes,4,2,2,3,1,2,Yes
EMP0726,31,Male,Divorced,Research & Development,Laboratory Technician,Other,3,9103,18,13,10,9,4,23,Yes,4,3,2,3,4,2,Yes
EMP0727,22,Female,Single,Sales,Sales Representative,Life Sciences,2,9358,12,31,14,4,7,14,No,3,4,2,3,4,3,No
EMP0728,25,Female,Single,Sales,Sales Executive,Life Sciences,1,10097,11,6,6,7,9,29,No,2,1,4,3,0,0,No
EMP0729,35,Male,Single,Sales,Sales Executive,Human Resources,5,19706,23,17,17,13,3,11,No,2,2,1,3,1,3,No
EMP0730,19,Female,Married,Research & Development,Research Scientist,Life Sciences,1,9076,15,26,7,1,3,1,Yes,2,2,2,3,5,3,No
EMP0731,42,Male,Single,Research & Development,Laboratory Technician,Technical Degree,4,15509,23,9,9,20,7,22,No,4,1,3,3,3,2,Yes
EMP0732,50,Male,Married,Research & Development,Research Director,Medical,1,13384,17,10,10,1,4,23,Yes,3,3,4,3,1,3,No
EMP0733,54,Male,Married,Sales,Manager,Other,1,13751,15,36,11,14,1,14,No,1,4,4,3,3,2,No
EMP0734,34,Male,Divorced,Research & Development,Laboratory Technician,Other,5,18406,22,12,1,16,1,6,No,3,1,2,3,4,0,Yes
EMP0735,34,Male,Married,Research & Development,Manufacturing Director,Marketing,2,8515,19,26,9,16,2,19,Yes,1,2,1,3,2,3,No
EMP0736,33,Male,Single,Sales,Sales Executive,Life Sciences,3,6865,11,34,3,10,3,6,No,3,2,2,3,6,2,No
EMP0737,50,Female,Single,Research & Development,Research Scientist,Medical,1,16379,14,9,4,32,1,6,Yes,3,3,4,3,5,1,No
EMP0738,20,Male,Single,Sales,Sales Representative,Marketing,4,18339,15,31,12,2,6,19,No,4,4,3,3,6,3,No
EMP0739,49,Male,Single,Sales,Sales Executive,Human Resources,3,10788,17,7,7,28,0,7,No,3,3,1,3,1,1,No
EMP0740,26,Female,Single,Research & Development,Manufacturing Director,Medical,1,8449,11,28,8,8,2,15,No,4,4,3,4,3,1,No
EMP0741,24,Female,Married,Sales,Sales Executive,Technical Degree,4,3568,25,38,9,0,3,11,No,4,1,4,3,2,1,No
EMP0742,27,Male,Single,Research & Development,Manufacturing Director,Human Resources,2,18084,23,23,0,9,5,10,No,3,4,3,3,0,0,No
EMP0743,45,Male,Single,Research & Development,Research Scientist,Technical Degree,3,15422,15,40,8,8,0,8,Yes,2,1,4,3,0,0,Yes
EMP0744,54,Female,Divorced,Sales,Sales Executive,Human Resources,3,7910,25,0,0,7,7,8,Yes,1,3,4,3,1,3,Yes
EMP0745,47,Female,Married,Research & Development,Manufacturing Director,Marketing,5,19312,24,35,10,27,3,25,No,3,2,3,3,1,0,No
EMP0746,39,Female,Divorced,Research & Development,Manufacturing Director,Technical Degree,1,10850,19,16,3,21,1,5,No,2,2,2,3,5,2,No
EMP0747,44,Male,Single,Research & Development,Manufacturing Director,Medical,5,16776,11,4,4,23,6,5,No,1,4,4,3,3,2,Yes
EMP0748,33,Female,Divorced,Research & Development,Research Director,Medical,4,15102,12,15,9,5,6,19,Yes,2,3,2,3,6,0,Yes
EMP0749,18,Female,Single,Sales,Sales Representative,Other,2,2691,20,0,0,0,5,27,Yes,2,3,3,3,5,0,Yes
EMP0750,37,Male,Single,Research & Development,Research Scientist,Human Resources,1,7308,24,10,10,8,8,20,No,4,1,3,3,0,2,Yes
EMP0751,56,Male,Married,Research & Development,Laboratory Technician,Human Resources,2,10305,21,2,2,26,4,17,No,2,4,4,3,2,3,No
EMP0752,33,Female,Single,Research & Development,Manufacturing Director,Medical,4,5882,12,9,1,15,2,5,Yes,1,2,1,4,5,2,Yes
EMP0753,55,Female,Married,Sales,Sales Representative,Life Sciences,5,10922,24,13,13,24,0,3,No,3,2,4,3,0,2,No
EMP0754,49,Female,Married,Research & Development,Research Director,Medical,3,14848,25,20,18,9,1,14,No,2,1,2,4,3,2,Yes
EMP0755,26,Female,Married,Sales,Manager,Medical,2,14701,14,2,0,8,8,16,No,3,3,3,3,1,1,No
EMP0756,50,Male,Married,Sales,Sales Representative,Other,1,15916,23,37,17,30,9,14,No,4,1,3,3,5,0,No
EMP0757,44,Female,Divorced,Research & Development,Laboratory Technician,Medical,4,9682,24,19,1,15,0,8,No,3,4,3,3,1,3,No
EMP0758,45,Female,Divorced,Sales,Sales Executive,Human Resources,4,1544,12,32,9,24,4,18,No,1,4,2,3,6,1,No
EMP0759,39,Male,Single,Sales,Manager,Other,4,3619,21,21,7,16,4,24,No,1,1,2,4,1,2,Yes
EMP0760,45,Female,Single,Sales,Sales Executive,Marketing,3,18779,12,35,2,21,4,3,Yes,2,1,1,4,1,3,Yes
EMP0761,52,Female,Divorced,Research & Development,Research Scientist,Human Resources,3,3737,13,22,2,21,1,20,No,4,2,3,3,0,1,Yes
EMP0762,52,Female,Single,Sales,Manager,Marketing,4,15177,20,6,6,14,7,21,No,4,2,2,3,6,0,No
EMP0763,49,Female,Married,Research & Development,Research Director,Other,3,7533,22,2,1,20,5,12,No,1,3,1,4,3,0,No
EMP0764,23,Male,Divorced,Sales,Sales Executive,Medical,4,17207,15,35,17,5,5,21,No,3,1,1,3,1,3,Yes
EMP0765,24,Male,Divorced,Sales,Sales Representative,Marketing,4,6023,11,17,10,6,4,24,No,1,3,1,3,3,0,Yes
EMP0766,23,Female,Single,Research & Development,Research Scientist,Life Sciences,3,11946,19,20,3,5,8,10,Yes,2,1,2,3,6,0,No
EMP0767,52,Female,Single,Sales,Manager,Technical Degree,1,11229,25,26,2,2,0,19,No,3,1,2,3,0,3,No
EMP0768,41,Female,Single,Research & Development,Research Scientist,Human Resources,5,9121,22,5,5,23,2,23,Yes,1,1,4,3,1,1,Yes
EMP0769,51,Female,Divorced,Research & Development,Laboratory Technician,Medical,1,15090,15,13,12,15,6,19,Yes,3,3,2,3,4,2,No
EMP0770,25,Female,Single,Research & Development,Manufacturing Director,Life Sciences,4,7273,11,16,4,7,3,8,No,1,2,2,3,5,0,Yes
EMP0771,31,Male,Divorced,Sales,Sales Executive,Medical,1,1459,16,26,3,13,1,26,No,4,2,2,3,6,2,Yes
EMP0772,51,Male,Divorced,Research & Development,Research Director,Medical,2,13762,11,22,6,29,0,14,No,2,4,4,4,2,3,Yes
EMP0773,21,Male,Married,Research & Development,Manufacturing Director,Life Sciences,3,5619,14,18,8,3,4,12,Yes,1,4,1,3,5,3,No
EMP0774,35,Female,Single,Research & Development,Research Director,Technical Degree,2,15365,25,8,0,7,8,18,No,4,4,2,4,5,1,Yes
EMP0775,41,Female,Divorced,Research & Development,Research Scientist,Human Resources,3,14237,20,1,1,23,8,8,No,1,2,3,3,6,1,No
EMP0776,51,Female,Divorced,Sales,Sales Executive,Human Resources,4,19619,23,21,0,33,4,14,No,2,1,3,3,5,2,Yes
EMP0777,43,Male,Married,Research & Development,Manufacturing Director,Technical Degree,5,7440,14,15,10,25,5,18,Yes,3,3,4,3,3,3,Yes
EMP0778,22,Male,Married,Sales,Sales Executive,Life Sciences,2,16314,16,26,17,2,3,8,No,1,1,4,3,1,0,Yes
EMP0779,55,Female,Single,Research & Development,Manufacturing Director,Life Sciences,3,8765,21,39,3,31,8,9,Yes,3,2,1,3,1,0,No
EMP0780,31,Male,Single,Research & Development,Manufacturing Director,Human Resources,5,8523,12,36,8,13,0,6,Yes,3,3,4,3,5,0,Yes
EMP0781,28,Male,Single,Sales,Sales Executive,Medical,2,5354,21,18,14,10,3,24,Yes,4,2,2,3,2,2,Yes
EMP0782,22,Female,Married,Research & Development,Laboratory Technician,Life Sciences,2,13281,17,2,2,4,1,7,Yes,4,1,1,3,1,0,Yes
EMP0783,28,Female,Married,Sales,Manager,Medical,5,18469,25,36,6,10,9,9,No,4,2,4,3,1,0,No
EMP0784,42,Male,Divorced,Research & Development,Research Director,Life Sciences,2,2771,19,14,14,24,2,19,No,1,4,4,4,0,1,No
EMP0785,26,Male,Single,Sales,Sales Executive,Human Resources,5,3747,17,21,16,8,2,27,No,3,3,3,3,0,3,Yes
EMP0786,32,Male,Divorced,Research & Development,Research Scientist,Technical Degree,1,14841,11,40,17,1,5,28,Yes,3,4,2,3,0,0,No
EMP0787,19,Male,Married,Research & Development,Research Scientist,Medical,5,3665,22,5,5,1,9,21,No,1,4,3,3,0,1,No
EMP0788,25,Female,Married,Research & Development,Manufacturing Director,Medical,1,18892,20,9,9,7,4,27,No,3,4,1,3,4,0,No
EMP0789,20,Male,Single,Research & Development,Research Director,Human Resources,1,1100,17,16,7,2,8,9,No,3,1,3,3,1,3,Yes
EMP0790,44,Male,Married,Sales,Sales Representative,Marketing,1,13008,14,19,5,26,6,2,No,4,1,1,3,1,3,No
EMP0791,53,Male,Divorced,Research & Development,Manufacturing Director,Other,5,7063,25,8,2,16,1,17,Yes,1,1,4,3,4,0,Yes
EMP0792,34,Female,Married,Human Resources,Human Resources,Medical,5,7361,22,24,6,16,1,22,No,1,4,3,3,1,3,No
EMP0793,28,Female,Married,Research & Development,Manufacturing Director,Medical,1,8962,18,26,4,10,4,25,No,4,2,1,3,0,0,Yes
EMP0794,58,Female,Married,Research & Development,Manufacturing Director,Life Sciences,2,14223,12,14,11,24,0,24,No,2,3,2,4,5,3,Yes
EMP0795,35,Male,Divorced,Research & Development,Research Scientist,Life Sciences,3,8920,22,35,16,2,0,27,No,3,3,2,3,5,2,No
EMP0796,58,Male,Single,Sales,Sales Representative,Medical,2,12643,12,12,12,6,2,26,Yes,3,1,4,3,6,0,No
EMP0797,47,Male,Divorced,Research & Development,Research Scientist,Medical,2,4004,11,40,6,5,6,2,No,2,4,3,4,6,0,No
EMP0798,57,Female,Married,Research & Development,Research Director,Life Sciences,4,17415,12,26,17,26,0,1,No,1,1,2,3,4,2,Yes
EMP0799,26,Male,Divorced,Research & Development,Research Scientist,Technical Degree,3,16484,14,40,15,8,9,29,Yes,3,1,4,4,5,3,No
EMP0800,40,Male,Married,Sales,Sales Executive,Human Resources,1,5045,11,33,18,22,5,16,No,3,2,2,3,6,1,Yes
EMP0801,28,Male,Single,Research & Development,Laboratory Technician,Technical Degree,3,11992,11,21,13,10,6,18,Yes,3,1,3,3,5,2,Yes
EMP0802,39,Female,Married,Sales,Sales Representative,Other,1,18026,25,6,3,21,0,28,No,4,1,1,4,4,1,No
EMP0803,56,Female,Single,Sales,Sales Executive,Other,4,3390,17,20,6,27,0,12,Yes,2,2,3,4,6,1,Yes
EMP0804,49,Female,Divorced,Research & Development,Research Director,Other,2,7918,19,33,8,12,0,18,No,1,1,2,3,6,3,Yes
EMP0805,33,Female,Single,Research & Development,Laboratory Technician,Medical,2,13274,20,39,3,15,8,2,Yes,3,4,1,3,2,0,Yes
EMP0806,29,Female,Divorced,Research & Development,Research Director,Medical,4,19778,19,39,13,11,4,17,No,4,3,4,3,1,2,No
EMP0807,54,Male,Married,Sales,Sales Representative,Life Sciences,5,11153,23,36,6,27,3,26,No,2,1,2,3,2,1,Yes
EMP0808,53,Female,Divorced,Human Resources,Human Resources,Other,1,19290,22,30,4,19,7,1,No,1,4,4,4,1,1,No
EMP0809,32,Female,Divorced,Research & Development,Laboratory Technician,Other,5,12864,25,15,15,14,1,14,Yes,1,3,1,4,1,3,Yes
EMP0810,27,Male,Married,Research & Development,Manufacturing Director,Other,3,4072,18,35,12,6,0,7,No,3,4,1,4,4,3,No
EMP0811,27,Female,Single,Research & Development,Manufacturing Director,Marketing,2,9759,23,25,17,0,2,27,Yes,3,3,1,4,3,1,Yes
EMP0812,50,Female,Single,Research & Development,Research Director,Life Sciences,1,13696,11,32,6,5,6,3,Yes,2,3,1,3,4,2,Yes
EMP0813,56,Female,Single,Sales,Manager,Technical Degree,4,6815,15,40,16,1,3,12,Yes,4,4,2,3,5,2,No
EMP0814,46,Female,Single,Research & Development,Manufacturing Director,Life Sciences,4,5587,21,25,13,24,7,3,No,2,3,1,3,5,3,No
EMP0815,28,Female,Single,Research & Development,Research Scientist,Technical Degree,5,18491,22,16,2,10,5,5,No,2,2,4,3,2,1,Yes
EMP0816,43,Male,Married,Sales,Manager,Life Sciences,2,6391,19,6,2,8,3,14,No,1,4,1,3,6,2,No
EMP0817,52,Female,Single,Research & Development,Manufacturing Director,Medical,2,15672,24,4,4,18,0,11,No,3,1,2,4,1,3,No
EMP0818,24,Male,Single,Research & Development,Manufacturing Director,Technical Degree,2,9205,25,6,6,4,8,16,No,1,2,4,3,1,1,Yes
EMP0819,28,Male,Single,Research & Development,Research Director,Other,2,9564,24,33,13,7,3,14,Yes,3,4,4,3,6,1,No
EMP0820,29,Female,Single,Research & Development,Manufacturing Director,Marketing,2,19766,24,28,0,11,0,23,No,4,4,1,3,3,3,No
EMP0821,51,Male,Married,Research & Development,Laboratory Technician,Life Sciences,4,18724,17,9,2,0,2,11,No,2,2,2,3,0,2,No
EMP0822,52,Female,Married,Human Resources,Human Resources,Human Resources,2,3396,19,33,5,15,9,25,Yes,2,3,4,4,0,2,Yes
EMP0823,56,Male,Single,Research & Development,Research Scientist,Life Sciences,3,2120,24,38,7,5,9,10,No,4,3,3,3,2,0,No
EMP0824,46,Male,Divorced,Research & Development,Research Director,Other,4,4012,25,22,5,17,2,18,Yes,4,4,4,3,0,3,Yes
EMP0825,22,Female,Married,Human Resources,Human Resources,Human Resources,5,17146,20,24,17,4,5,5,Yes,4,4,2,3,4,1,No
EMP0826,20,Male,Married,Research & Development,Manufacturing Director,Other,2,8790,18,23,1,1,5,20,No,1,3,4,3,5,0,No
EMP0827,28,Male,Divorced,Sales,Manager,Marketing,3,9801,13,16,5,10,9,12,No,4,4,4,3,2,1,No
EMP0828,52,Female,Single,Research & Development,Manufacturing Director,Medical,5,19771,25,6,6,11,5,25,No,3,1,3,3,5,3,No
EMP0829,39,Female,Divorced,Research & Development,Laboratory Technician,Medical,2,12259,15,33,11,21,7,21,Yes,1,4,3,3,4,3,Yes
EMP0830,57,Female,Married,Research & Development,Research Director,Medical,1,7371,19,19,3,37,0,6,No,1,1,4,3,1,2,Yes
EMP0831,20,Male,Married,Sales,Sales Representative,Marketing,1,11666,25,18,14,2,5,6,Yes,3,2,1,3,4,1,Yes
EMP0832,51,Female,Married,Sales,Sales Representative,Life Sciences,1,9717,12,9,3,33,9,13,No,1,1,3,3,4,3,Yes
EMP0833,26,Female,Married,Research & Development,Research Scientist,Medical,2,17860,25,33,17,8,8,11,No,3,4,2,4,6,3,Yes
EMP0834,38,Female,Divorced,Research & Development,Research Director,Technical Degree,3,10795,16,10,4,20,9,11,No,3,3,3,3,3,2,No
EMP0835,50,Male,Single,Sales,Manager,Other,4,11897,14,1,1,4,5,10,No,1,1,1,3,5,1,No
EMP0836,26,Female,Married,Research & Development,Research Scientist,Life Sciences,2,1191,24,20,10,8,4,10,No,2,4,2,3,2,3,No
EMP0837,49,Male,Married,Sales,Manager,Technical Degree,4,10599,19,26,4,11,3,10,No,2,3,2,4,0,1,No
EMP0838,24,Male,Single,Research & Development,Laboratory Technician,Medical,5,5701,15,0,0,6,3,17,No,1,4,1,4,3,3,Yes
EMP0839,53,Male,Married,Research & Development,Research Scientist,Technical Degree,5,3862,21,29,5,30,5,24,No,3,4,4,3,4,2,No
EMP0840,27,Female,Single,Research & Development,Research Scientist,Human Resources,1,17751,18,29,12,9,2,28,No,2,1,4,3,5,0,Yes
EMP0841,47,Female,Divorced,Research & Development,Laboratory Technician,Other,2,19506,14,37,5,10,9,19,No,1,3,2,3,4,3,No
EMP0842,45,Female,Single,Research & Development,Research Scientist,Human Resources,5,5723,12,15,5,27,4,10,No,3,2,2,3,3,3,No
EMP0843,49,Female,Single,Sales,Sales Representative,Life Sciences,5,11908,11,16,8,31,9,20,No,4,1,2,4,3,1,Yes
EMP0844,22,Male,Divorced,Sales,Sales Representative,Human Resources,4,18277,23,31,3,4,1,1,Yes,3,2,2,3,1,2,No
EMP0845,21,Male,Single,Research & Development,Laboratory Technician,Marketing,5,17030,19,38,14,3,5,24,No,4,3,2,3,5,2,Yes
EMP0846,52,Male,Single,Research & Development,Research Scientist,Life Sciences,3,10908,24,15,12,1,2,27,No,3,1,4,3,1,0,No
EMP0847,59,Male,Single,Research & Development,Manufacturing Director,Marketing,2,16671,20,17,16,5,3,3,Yes,2,1,4,4,5,3,Yes
EMP0848,25,Male,Divorced,Sales,Sales Executive,Medical,1,7800,20,10,3,7,0,5,No,4,4,4,3,0,0,No
EMP0849,43,Male,Single,Sales,Sales Executive,Human Resources,1,15639,15,8,8,25,3,24,No,4,2,2,4,0,1,Yes
EMP0850,31,Female,Divorced,Research & Development,Laboratory Technician,Other,3,18080,17,6,4,13,8,1,No,3,2,1,3,5,1,No
EMP0851,54,Male,Divorced,Research & Development,Laboratory Technician,Marketing,4,5229,25,1,1,36,0,3,Yes,3,3,4,3,6,1,No
EMP0852,26,Male,Single,Research & Development,Research Director,Medical,4,4896,24,9,8,8,2,25,Yes,3,3,3,3,1,0,No
EMP0853,27,Male,Married,Sales,Sales Representative,Life Sciences,3,6315,22,30,7,9,7,2,No,3,1,2,3,5,0,No
EMP0854,55,Male,Single,Sales,Sales Executive,Marketing,5,4516,14,21,10,7,4,28,Yes,2,1,2,3,0,0,Yes
EMP0855,41,Female,Divorced,Research & Development,Research Director,Other,4,13086,15,27,9,6,2,14,No,3,4,3,3,1,3,No
EMP0856,34,Male,Single,Research & Development,Research Scientist,Human Resources,1,4892,12,32,3,10,4,13,Yes,1,4,2,3,6,3,Yes
EMP0857,20,Female,Married,Research & Development,Research Scientist,Life Sciences,2,2007,14,6,6,2,7,14,No,4,1,2,3,0,0,No
EMP0858,39,Female,Married,Sales,Sales Executive,Human Resources,3,17131,16,19,6,21,6,19,No,2,1,2,3,1,2,Yes
EMP0859,45,Male,Single,Research & Development,Research Director,Life Sciences,5,1188,17,21,6,27,4,15,No,2,4,2,3,6,3,No
EMP0860,23,Male,Single,Research & Development,Research Scientist,Other,4,1630,23,2,1,5,9,11,No,4,4,4,3,0,0,Yes
EMP0861,55,Male,Married,Research & Development,Research Director,Life Sciences,1,9616,23,37,7,2,1,22,No,1,3,1,3,2,1,Yes
EMP0862,56,Female,Married,Research & Development,Manufacturing Director,Human Resources,5,17157,20,40,7,6,6,27,No,2,4,4,3,3,2,No
EMP0863,42,Male,Married,Research & Development,Laboratory Technician,Marketing,1,16902,20,30,18,24,8,7,Yes,2,2,3,3,5,2,No
EMP0864,25,Male,Single,Human Resources,HR Manager,Other,3,6420,12,27,4,3,2,18,Yes,4,1,4,3,0,3,No
EMP0865,60,Female,Single,Research & Development,Research Scientist,Human Resources,1,8716,24,23,18,32,0,15,No,4,2,1,3,5,2,Yes
EMP0866,22,Female,Married,Human Resources,HR Manager,Human Resources,2,6275,19,7,7,3,7,12,No,3,2,4,4,0,1,No
EMP0867,34,Female,Married,Research & Development,Research Director,Technical Degree,1,6901,19,12,12,16,1,22,No,3,4,1,3,1,3,No
EMP0868,28,Male,Married,Research & Development,Research Director,Other,4,19968,20,30,1,7,1,26,Yes,3,2,1,3,6,3,Yes
EMP0869,20,Male,Married,Research & Development,Laboratory Technician,Marketing,5,19299,15,14,10,2,6,28,No,3,1,4,3,1,0,No
EMP0870,58,Female,Married,Sales,Manager,Human Resources,2,9686,16,39,13,24,2,1,Yes,4,3,2,3,4,0,Yes
EMP0871,40,Female,Married,Research & Development,Laboratory Technician,Human Resources,5,5106,11,0,0,8,3,17,No,2,3,4,3,4,3,No
EMP0872,43,Male,Married,Research & Development,Research Director,Life Sciences,5,3086,24,5,5,25,2,20,Yes,1,2,3,3,6,1,Yes
EMP0873,31,Male,Married,Research & Development,Research Director,Medical,2,2443,16,16,10,13,0,23,No,1,4,3,3,1,2,No
EMP0874,34,Female,Married,Sales,Sales Executive,Other,1,7341,12,18,8,16,7,24,Yes,4,4,1,3,5,1,No
EMP0875,54,Male,Married,Research & Development,Research Scientist,Technical Degree,5,5775,13,6,6,36,5,27,Yes,3,4,1,3,4,3,Yes
EMP0876,34,Female,Divorced,Research & Development,Laboratory Technician,Human Resources,5,15438,21,19,16,7,5,9,No,3,1,3,3,6,0,Yes
EMP0877,26,Male,Divorced,Research & Development,Laboratory Technician,Technical Degree,3,9082,24,24,1,8,0,24,No,1,4,1,3,1,3,No
EMP0878,33,Male,Divorced,Research & Development,Laboratory Technician,Human Resources,3,11745,23,23,1,15,9,21,No,1,1,1,3,2,1,No
EMP0879,55,Female,Married,Sales,Sales Executive,Technical Degree,3,19252,24,39,13,20,2,9,No,4,1,3,3,0,2,No
EMP0880,41,Female,Divorced,Research & Development,Research Director,Life Sciences,5,15774,23,19,10,23,5,28,No,2,1,4,3,2,3,No
EMP0881,58,Female,Divorced,Sales,Sales Representative,Marketing,1,4561,24,25,10,7,6,22,No,3,2,1,3,1,1,Yes
EMP0882,36,Female,Married,Sales,Sales Representative,Other,4,11187,12,25,4,18,4,6,No,1,4,1,3,5,0,No
EMP0883,50,Female,Single,Research & Development,Manufacturing Director,Life Sciences,5,1500,12,6,6,32,3,5,No,4,4,4,4,6,1,No
EMP0884,40,Female,Married,Research & Development,Research Scientist,Medical,4,9630,23,10,10,21,3,9,Yes,1,2,1,3,5,3,Yes
EMP0885,40,Male,Married,Research & Development,Research Director,Human Resources,3,6540,16,23,8,22,3,18,No,2,3,2,3,4,2,No
EMP0886,35,Female,Married,Sales,Manager,Marketing,3,10354,18,29,10,17,2,7,No,2,1,1,3,5,2,No
EMP0887,49,Female,Married,Research & Development,Research Scientist,Technical Degree,2,8968,16,18,5,31,1,27,No,1,2,4,3,3,0,Yes
EMP0888,22,Male,Single,Research & Development,Research Director,Marketing,3,7377,24,2,2,4,3,29,No,2,3,2,3,2,1,Yes
EMP0889,58,Female,Married,Research & Development,Research Scientist,Technical Degree,5,10400,15,32,2,3,5,22,No,3,2,3,3,2,3,No
EMP0890,31,Male,Married,Research & Development,Manufacturing Director,Human Resources,5,8134,21,28,17,13,8,15,Yes,3,2,1,3,4,2,No
EMP0891,57,Male,Divorced,Research & Development,Research Director,Human Resources,1,11038,17,20,15,2,2,15,No,2,4,1,3,2,1,No
EMP0892,56,Female,Single,Research & Development,Research Director,Marketing,2,7684,21,35,7,1,2,4,No,2,2,2,3,0,3,Yes
EMP0893,28,Male,Divorced,Research & Development,Laboratory Technician,Human Resources,1,19951,11,35,6,10,2,8,Yes,1,1,1,3,0,0,Yes
EMP0894,45,Male,Divorced,Research & Development,Research Scientist,Other,5,19297,11,30,12,27,1,26,Yes,1,3,2,3,2,1,Yes
EMP0895,38,Male,Married,Research & Development,Research Scientist,Marketing,4,19042,24,8,6,11,0,7,No,4,3,1,3,3,3,Yes
EMP0896,35,Female,Single,Research & Development,Research Director,Marketing,1,2518,15,27,13,5,6,1,No,4,4,3,3,2,0,No
EMP0897,32,Female,Divorced,Human Resources,Human Resources,Marketing,1,14077,17,39,18,14,3,18,Yes,4,1,1,3,3,1,Yes
EMP0898,42,Male,Married,Research & Development,Research Director,Human Resources,4,1514,16,33,7,11,5,3,No,1,4,4,3,0,3,No
EMP0899,22,Male,Divorced,Research & Development,Research Director,Human Resources,2,5154,24,1,1,4,1,10,Yes,3,4,2,3,4,0,Yes
EMP0900,26,Female,Married,Research & Development,Research Director,Human Resources,3,4868,12,29,15,8,2,20,No,1,2,4,3,6,0,No
EMP0901,59,Male,Divorced,Research & Development,Manufacturing Director,Other,5,14208,11,8,8,23,1,19,Yes,2,2,4,3,3,2,Yes
EMP0902,26,Female,Divorced,Sales,Manager,Marketing,3,16937,24,2,2,8,5,28,No,2,1,2,3,3,0,Yes
EMP0903,21,Male,Divorced,Sales,Sales Representative,Marketing,4,10023,20,3,3,3,2,17,Yes,2,3,4,4,4,2,Yes
EMP0904,23,Male,Divorced,Research & Development,Laboratory Technician,Marketing,4,8885,16,5,4,5,0,3,No,1,4,3,3,6,0,Yes
EMP0905,41,Female,Single,Human Resources,Human Resources,Other,1,11330,24,11,11,12,7,28,Yes,1,3,2,4,0,1,Yes
EMP0906,47,Female,Divorced,Sales,Sales Representative,Life Sciences,1,16864,20,16,2,26,2,21,No,3,3,3,3,6,3,No
EMP0907,54,Female,Single,Sales,Sales Representative,Human Resources,3,10152,14,30,3,2,8,10,No,1,2,4,3,0,0,Yes
EMP0908,20,Female,Single,Sales,Manager,Other,2,3260,24,29,9,2,3,29,Yes,3,4,3,3,2,1,Yes
EMP0909,43,Male,Divorced,Research & Development,Research Director,Technical Degree,4,7358,14,37,17,25,5,6,Yes,3,3,2,3,6,3,No
EMP0910,37,Male,Married,Research & Development,Laboratory Technician,Marketing,1,15607,17,28,8,13,1,12,No,4,3,4,3,2,1,No
EMP0911,18,Female,Single,Research & Development,Manufacturing Director,Life Sciences,4,11149,20,1,1,0,6,17,No,1,1,1,3,0,0,Yes
EMP0912,36,Female,Single,Research & Development,Research Director,Other,2,6520,13,40,0,5,1,9,No,3,2,3,3,5,0,No
EMP0913,29,Female,Single,Research & Development,Manufacturing Director,Life Sciences,2,14695,18,3,2,2,9,12,No,3,2,2,4,2,2,No
EMP0914,20,Male,Married,Research & Development,Research Director,Other,2,5240,11,29,17,2,1,22,Yes,3,3,1,4,0,3,No
EMP0915,57,Male,Single,Sales,Sales Representative,Other,5,4892,12,0,0,39,4,20,No,1,2,4,3,0,2,No
EMP0916,24,Male,Divorced,Research & Development,Manufacturing Director,Marketing,3,8992,20,23,18,1,6,2,No,1,3,4,3,3,0,No
EMP0917,45,Male,Divorced,Research & Development,Research Scientist,Technical Degree,4,16655,14,16,1,19,3,5,No,2,4,3,3,5,2,No
EMP0918,41,Male,Married,Research & Development,Research Scientist,Technical Degree,4,13361,17,10,10,16,7,3,No,2,2,3,3,1,2,Yes
EMP0919,43,Female,Divorced,Sales,Sales Executive,Marketing,2,3012,11,40,5,25,1,28,No,2,2,2,3,0,0,Yes
EMP0920,44,Female,Single,Research & Development,Research Scientist,Life Sciences,5,19220,23,26,16,26,7,13,Yes,1,2,1,3,1,1,No
EMP0921,36,Female,Married,Research & Development,Manufacturing Director,Human Resources,5,18803,13,28,10,2,6,19,No,2,1,2,3,2,3,Yes
EMP0922,33,Male,Divorced,Research & Development,Laboratory Technician,Medical,4,13134,11,22,16,7,9,23,Yes,3,4,4,4,1,3,Yes
EMP0923,40,Male,Single,Research & Development,Laboratory Technician,Medical,4,6522,12,6,5,22,1,19,Yes,1,4,1,3,3,0,Yes
EMP0924,52,Female,Divorced,Research & Development,Research Scientist,Other,4,16424,23,10,3,4,8,16,No,1,1,3,4,6,1,No
EMP0925,42,Female,Single,Research & Development,Laboratory Technician,Human Resources,3,11878,14,19,1,24,2,2,No,2,2,4,3,4,2,Yes
EMP0926,32,Male,Married,Sales,Sales Executive,Life Sciences,3,10142,22,31,8,0,9,12,No,2,1,1,3,4,1,No
EMP0927,58,Male,Divorced,Research & Development,Laboratory Technician,Medical,1,10085,16,9,7,2,1,5,No,2,4,4,3,1,1,No
EMP0928,26,Female,Single,Research & Development,Research Director,Technical Degree,3,13980,16,12,0,8,7,15,No,1,3,2,4,3,3,Yes
EMP0929,52,Male,Divorced,Sales,Sales Executive,Medical,5,3946,23,26,2,16,3,17,No,4,1,2,3,0,0,Yes
EMP0930,52,Female,Married,Research & Development,Research Scientist,Medical,2,19604,25,5,5,26,6,12,No,4,4,1,3,4,2,No
EMP0931,43,Female,Single,Research & Development,Research Scientist,Other,4,6021,23,5,5,19,4,19,No,4,3,3,3,6,2,No
EMP0932,46,Male,Divorced,Human Resources,HR Manager,Marketing,5,7187,13,14,14,8,2,7,No,1,3,4,3,6,3,No
EMP0933,25,Female,Single,Sales,Sales Executive,Technical Degree,2,12265,20,35,10,7,9,16,Yes,2,1,1,3,5,0,No
EMP0934,27,Male,Divorced,Research & Development,Manufacturing Director,Human Resources,5,13469,25,16,7,3,7,10,Yes,3,2,2,3,1,2,Yes
EMP0935,33,Male,Single,Sales,Sales Representative,Other,2,3550,24,5,5,15,4,24,No,4,4,1,3,2,3,No
EMP0936,54,Female,Married,Research & Development,Research Director,Technical Degree,5,9799,17,40,10,4,4,16,No,3,2,4,3,3,3,No
EMP0937,35,Female,Married,Sales,Sales Executive,Marketing,1,18555,16,0,0,17,9,13,No,3,1,3,3,1,2,No
EMP0938,37,Male,Single,Research & Development,Laboratory Technician,Life Sciences,4,10058,21,8,7,19,4,27,No,1,3,2,3,0,2,No
EMP0939,33,Female,Single,Research & Development,Laboratory Technician,Marketing,3,11132,19,13,1,15,0,22,No,4,2,4,3,0,0,No
EMP0940,40,Male,Single,Research & Development,Laboratory Technician,Marketing,5,15644,25,5,5,22,4,22,No,2,2,3,3,5,1,No
EMP0941,50,Female,Divorced,Research & Development,Manufacturing Director,Other,4,2601,25,7,7,29,2,29,Yes,2,1,4,3,1,3,Yes
EMP0942,54,Female,Single,Research & Development,Manufacturing Director,Medical,4,1120,25,7,7,20,1,18,No,1,3,2,3,0,2,No
EMP0943,60,Male,Single,Human Resources,Human Resources,Technical Degree,2,5204,20,4,4,13,4,20,Yes,4,2,1,3,1,0,No
EMP0944,51,Female,Single,Research & Development,Research Scientist,Life Sciences,2,4994,21,12,12,33,0,24,No,3,2,4,3,4,1,No
EMP0945,49,Male,Divorced,Research & Development,Manufacturing Director,Marketing,5,12551,20,13,7,0,8,7,Yes,2,4,2,3,4,1,Yes
EMP0946,48,Female,Single,Research & Development,Laboratory Technician,Medical,2,14877,11,27,2,24,8,2,No,1,4,4,3,3,1,No
EMP0947,25,Male,Married,Research & Development,Laboratory Technician,Life Sciences,1,1472,13,31,3,7,8,18,Yes,1,3,2,4,5,0,Yes
EMP0948,58,Female,Married,Research & Development,Manufacturing Director,Technical Degree,2,11636,21,28,8,38,8,6,Yes,2,2,2,3,0,0,Yes
EMP0949,27,Male,Single,Research & Development,Laboratory Technician,Other,3,14280,24,3,3,9,6,29,Yes,3,2,3,3,1,3,Yes
EMP0950,59,Female,Married,Sales,Sales Executive,Other,4,10045,13,6,6,4,8,21,Yes,3,2,3,3,2,0,Yes
EMP0951,42,Male,Divorced,Sales,Manager,Marketing,4,8520,16,36,15,16,7,26,No,4,1,3,3,0,2,No
EMP0952,29,Female,Single,Research & Development,Research Scientist,Technical Degree,3,3368,22,4,4,11,1,19,No,3,3,4,3,4,3,No
EMP0953,55,Female,Single,Research & Development,Research Director,Life Sciences,4,1026,13,8,0,9,7,28,Yes,4,2,1,3,0,0,Yes
EMP0954,30,Female,Married,Research & Development,Research Director,Human Resources,5,15882,12,25,1,8,7,16,No,4,2,1,3,1,1,No
EMP0955,42,Female,Married,Research & Development,Research Scientist,Other,5,18389,22,34,15,12,9,7,No,4,3,2,3,5,2,Yes
EMP0956,23,Female,Married,Research & Development,Research Director,Medical,1,17802,24,37,10,5,1,19,Yes,1,2,1,3,2,0,Yes
EMP0957,42,Female,Married,Sales,Sales Representative,Technical Degree,1,2645,17,0,0,24,6,22,No,4,4,3,3,3,2,No
EMP0958,46,Female,Single,Research & Development,Research Scientist,Technical Degree,3,14988,14,2,2,28,3,11,No,1,1,4,3,3,0,No
EMP0959,35,Female,Married,Research & Development,Laboratory Technician,Life Sciences,1,19537,18,22,4,11,5,23,No,4,2,3,3,4,0,No
EMP0960,25,Female,Married,Sales,Sales Executive,Other,2,14986,21,19,7,7,4,12,No,3,3,3,3,3,3,No
EMP0961,39,Male,Married,Research & Development,Manufacturing Director,Other,3,3400,20,19,3,21,4,15,No,2,2,3,3,1,2,Yes
EMP0962,51,Male,Single,Research & Development,Laboratory Technician,Life Sciences,5,11763,25,32,13,8,1,6,Yes,4,2,3,3,0,3,Yes
EMP0963,29,Male,Married,Sales,Sales Representative,Marketing,3,18001,23,22,6,2,2,19,No,4,3,3,3,6,1,No
EMP0964,20,Female,Married,Sales,Manager,Technical Degree,1,5871,22,39,7,2,1,25,No,1,2,3,3,1,3,No
EMP0965,40,Male,Married,Research & Development,Research Director,Human Resources,3,16454,14,0,0,20,8,12,No,1,2,1,3,2,2,Yes
EMP0966,32,Female,Single,Sales,Sales Executive,Medical,3,7024,15,12,12,13,4,15,Yes,2,1,2,3,1,3,Yes
EMP0967,19,Female,Divorced,Sales,Manager,Human Resources,4,17538,20,25,17,1,6,9,No,1,3,2,3,6,0,No
EMP0968,59,Female,Married,Sales,Manager,Marketing,1,16272,23,16,6,3,8,8,No,3,2,3,3,6,2,No
EMP0969,53,Female,Married,Research & Development,Manufacturing Director,Marketing,2,15703,17,21,5,13,2,1,Yes,2,2,2,3,2,0,Yes
EMP0970,18,Male,Married,Sales,Sales Executive,Technical Degree,4,15458,17,4,3,0,7,1,No,4,4,3,4,6,1,No
EMP0971,40,Male,Divorced,Research & Development,Manufacturing Director,Life Sciences,2,10118,14,23,6,8,3,6,Yes,2,2,3,3,0,2,Yes
EMP0972,52,Male,Single,Sales,Sales Executive,Technical Degree,2,6363,15,8,8,6,6,24,Yes,3,1,4,3,6,3,No
EMP0973,48,Female,Married,Research & Development,Research Director,Technical Degree,1,7001,19,16,1,11,2,16,No,2,4,2,3,2,0,Yes
EMP0974,56,Female,Married,Sales,Manager,Technical Degree,5,10241,23,16,16,11,7,7,No,2,2,4,3,4,0,Yes
EMP0975,23,Male,Divorced,Sales,Sales Executive,Technical Degree,5,2384,22,15,11,5,7,2,No,4,1,1,3,2,0,No
EMP0976,56,Female,Divorced,Sales,Sales Executive,Marketing,2,11440,14,7,7,11,4,24,Yes,2,2,4,4,1,3,Yes
EMP0977,41,Male,Single,Research & Development,Laboratory Technician,Technical Degree,2,13358,14,20,8,18,8,1,No,4,2,2,3,6,1,Yes
EMP0978,46,Female,Divorced,Research & Development,Research Scientist,Human Resources,4,17673,16,38,18,28,0,6,No,1,3,4,3,6,3,No
EMP0979,22,Male,Divorced,Research & Development,Manufacturing Director,Technical Degree,4,9442,25,39,5,4,2,9,No,2,2,3,3,3,3,No
EMP0980,28,Male,Single,Sales,Sales Representative,Technical Degree,1,14095,15,22,17,4,2,6,Yes,2,1,3,3,4,0,Yes
EMP0981,44,Female,Married,Sales,Sales Executive,Other,5,14189,23,14,13,2,4,24,Yes,2,4,2,3,5,1,Yes
EMP0982,22,Male,Divorced,Research & Development,Manufacturing Director,Other,5,12138,24,6,6,4,8,19,Yes,1,2,1,3,6,1,Yes
EMP0983,59,Male,Single,Sales,Sales Executive,Life Sciences,3,10710,12,32,3,33,4,13,No,2,4,4,3,0,0,No
EMP0984,53,Female,Married,Research & Development,Research Director,Medical,1,2404,23,24,5,35,8,11,No,4,4,4,3,2,3,No
EMP0985,43,Female,Divorced,Research & Development,Research Scientist,Medical,2,10714,22,11,3,2,0,6,No,4,2,2,3,2,0,No
EMP0986,57,Male,Married,Sales,Sales Executive,Other,4,17756,20,36,3,10,9,20,Yes,4,2,4,3,2,0,No
EMP0987,30,Male,Single,Sales,Manager,Medical,4,14845,16,26,0,12,2,7,No,2,1,1,3,4,1,Yes
EMP0988,24,Male,Married,Sales,Manager,Medical,3,9013,21,33,7,3,9,27,No,1,3,2,4,1,0,No
EMP0989,52,Female,Married,Research & Development,Laboratory Technician,Medical,2,6819,16,35,6,34,1,14,No,4,2,2,3,4,0,No
EMP0990,43,Male,Single,Sales,Sales Representative,Technical Degree,5,10993,12,6,0,22,9,8,No,2,2,2,3,1,1,No
EMP0991,47,Female,Married,Research & Development,Research Scientist,Other,1,14314,25,30,15,17,0,6,No,1,4,3,3,5,0,No
EMP0992,22,Female,Married,Research & Development,Research Director,Life Sciences,4,17496,21,7,7,4,2,16,No,4,2,3,3,5,0,No
EMP0993,42,Female,Single,Research & Development,Research Director,Human Resources,3,19842,21,6,4,24,9,8,No,2,3,2,3,2,3,No
EMP0994,46,Male,Married,Research & Development,Laboratory Technician,Marketing,4,5685,19,39,13,28,7,13,No,3,1,4,3,0,0,No
EMP0995,47,Female,Married,Sales,Manager,Human Resources,3,19718,18,18,12,13,4,8,Yes,2,3,1,3,6,2,Yes
EMP0996,55,Female,Married,Research & Development,Research Scientist,Human Resources,5,1925,25,16,9,10,1,6,No,2,4,1,3,6,0,Yes
EMP0997,47,Female,Divorced,Sales,Sales Representative,Human Resources,1,1601,20,34,5,2,8,1,Yes,3,3,1,3,4,1,Yes
EMP0998,37,Female,Married,Research & Development,Laboratory Technician,Other,1,19140,11,22,13,13,5,15,No,2,1,2,4,0,0,Yes
EMP0999,40,Male,Divorced,Research & Development,Research Director,Human Resources,3,7670,18,1,1,22,4,18,No,1,3,2,3,3,0,No
EMP1000,19,Male,Married,Research & Development,Research Director,Other,1,2032,13,7,6,1,4,10,No,1,1,2,3,2,0,Yes
EMP1001,60,Female,Married,Research & Development,Research Director,Medical,3,2274,24,24,4,8,9,20,No,2,1,3,4,3,3,Yes
EMP1002,45,Male,Single,Research & Development,Laboratory Technician,Human Resources,1,11880,15,15,6,20,7,10,No,3,4,1,3,3,2,No
EMP1003,32,Male,Single,Research & Development,Manufacturing Director,Medical,5,8389,13,20,0,0,3,12,No,1,2,3,3,0,0,No
EMP1004,43,Male,Single,Sales,Sales Executive,Other,4,8769,19,40,4,25,8,9,No,4,4,2,3,5,1,No
EMP1005,38,Female,Single,Research & Development,Manufacturing Director,Medical,5,11012,16,10,10,20,5,17,Yes,3,1,4,3,3,0,Yes
EMP1006,39,Female,Married,Research & Development,Research Scientist,Human Resources,1,9473,18,28,14,7,2,12,No,4,2,3,3,2,2,No
EMP1007,47,Female,Divorced,Sales,Manager,Human Resources,4,7544,14,16,9,7,8,17,No,2,1,3,3,0,1,No
EMP1008,44,Male,Single,Sales,Sales Executive,Other,5,6979,14,27,1,18,8,16,No,2,1,3,3,3,0,No
EMP1009,45,Male,Married,Sales,Manager,Medical,1,15596,12,19,13,22,8,26,No,2,3,2,3,0,0,No
EMP1010,48,Female,Married,Sales,Sales Representative,Life Sciences,4,15515,20,24,5,24,6,27,No,4,1,3,3,1,2,No
EMP1011,45,Male,Divorced,Sales,Sales Representative,Human Resources,5,1959,25,2,2,10,3,18,Yes,3,4,2,3,6,2,Yes
EMP1012,23,Female,Married,Research & Development,Research Director,Medical,3,13784,23,17,16,5,5,18,No,3,4,3,3,6,3,No
EMP1013,54,Male,Divorced,Research & Development,Laboratory Technician,Life Sciences,2,5709,20,4,4,5,3,18,No,4,1,2,3,5,3,No
EMP1014,39,Female,Married,Research & Development,Manufacturing Director,Life Sciences,3,7762,11,27,15,21,3,24,No,2,4,1,3,5,1,No
EMP1015,45,Male,Divorced,Research & Development,Research Scientist,Medical,5,17120,24,34,2,6,9,20,Yes,3,1,1,3,5,1,Yes
EMP1016,54,Male,Divorced,Sales,Sales Representative,Technical Degree,4,7815,13,14,11,1,5,1,Yes,3,1,4,4,1,3,No
EMP1017,25,Male,Single,Sales,Sales Executive,Medical,5,5126,11,36,15,7,0,14,No,3,3,1,3,4,2,No
EMP1018,50,Female,Married,Research & Development,Research Scientist,Life Sciences,2,10817,25,13,13,5,6,25,Yes,1,3,4,3,1,3,Yes
EMP1019,40,Male,Single,Research & Development,Research Director,Marketing,2,2986,14,0,0,21,7,10,No,4,1,3,3,5,0,No
EMP1020,42,Male,Married,Sales,Sales Representative,Marketing,1,4327,24,24,9,24,7,6,Yes,1,2,2,3,0,1,Yes
EMP1021,59,Female,Single,Research & Development,Research Scientist,Marketing,2,18088,22,5,5,20,1,29,No,3,1,4,3,4,3,No
EMP1022,31,Female,Married,Research & Development,Manufacturing Director,Life Sciences,3,5086,18,2,2,13,4,1,No,1,2,4,4,1,3,No
EMP1023,50,Female,Divorced,Research & Development,Manufacturing Director,Marketing,4,4812,18,33,18,16,0,19,Yes,3,2,1,3,3,3,No
EMP1024,60,Male,Single,Research & Development,Research Scientist,Human Resources,5,10125,24,39,16,34,3,23,No,3,3,3,3,6,2,No
EMP1025,47,Male,Married,Sales,Sales Representative,Marketing,2,1706,22,27,17,12,4,27,No,1,1,4,3,6,0,Yes
EMP1026,31,Female,Single,Research & Development,Research Scientist,Human Resources,4,15531,24,22,16,6,7,16,Yes,2,2,4,3,0,2,Yes
EMP1027,18,Female,Single,Research & Development,Research Scientist,Human Resources,4,1768,21,11,11,0,4,2,Yes,2,3,3,3,0,1,No
EMP1028,57,Female,Married,Sales,Manager,Technical Degree,2,1248,16,17,8,35,2,7,Yes,1,4,3,3,2,1,No
EMP1029,21,Male,Divorced,Research & Development,Manufacturing Director,Medical,2,10087,14,34,14,3,9,28,Yes,4,2,4,4,3,1,Yes
EMP1030,49,Male,Married,Research & Development,Laboratory Technician,Life Sciences,3,8020,22,11,11,13,6,17,Yes,1,1,2,3,0,3,Yes
EMP1031,18,Female,Divorced,Sales,Sales Representative,Other,2,2846,20,9,1,0,2,14,Yes,3,2,4,4,0,2,Yes
EMP1032,52,Female,Married,Research & Development,Research Scientist,Technical Degree,5,11265,23,1,1,13,0,19,Yes,2,2,3,4,0,3,Yes
EMP1033,23,Female,Single,Sales,Sales Executive,Medical,1,4585,12,13,13,5,2,16,No,1,4,1,3,1,0,Yes
EMP1034,35,Female,Single,Research & Development,Research Scientist,Human Resources,2,18938,14,4,4,17,2,2,No,4,3,3,3,6,2,No
EMP1035,26,Male,Divorced,Sales,Sales Executive,Technical Degree,1,5729,15,21,5,8,0,22,Yes,3,1,2,4,4,2,No
EMP1036,48,Male,Single,Research & Development,Research Director,Other,2,14793,24,40,11,30,7,21,No,2,2,4,3,4,2,Yes
EMP1037,26,Female,Divorced,Sales,Sales Representative,Human Resources,3,4677,12,24,1,8,9,18,Yes,1,1,3,4,6,1,Yes
EMP1038,43,Female,Married,Human Resources,HR Manager,Technical Degree,5,15032,15,32,13,16,8,17,Yes,4,4,1,4,2,3,Yes
EMP1039,32,Male,Divorced,Research & Development,Research Scientist,Life Sciences,4,10563,23,39,18,14,8,19,Yes,4,3,1,3,6,1,No
EMP1040,58,Female,Single,Sales,Sales Executive,Marketing,5,9824,15,32,13,11,6,17,Yes,1,2,1,3,2,3,Yes
EMP1041,18,Male,Divorced,Sales,Sales Executive,Other,4,5871,19,0,0,0,0,1,No,1,2,2,3,4,3,No
EMP1042,43,Male,Single,Research & Development,Research Scientist,Human Resources,5,19743,20,36,2,15,1,28,Yes,1,4,1,3,3,1,Yes
EMP1043,49,Female,Divorced,Sales,Sales Representative,Other,5,2474,18,24,0,24,8,28,No,3,3,1,4,3,2,Yes
EMP1044,21,Female,Divorced,Sales,Manager,Medical,2,15248,12,7,3,3,1,17,No,2,4,1,4,2,2,Yes
EMP1045,27,Male,Single,Research & Development,Manufacturing Director,Medical,3,1403,20,4,4,9,5,15,Yes,2,3,4,3,3,2,Yes
EMP1046,35,Female,Single,Research & Development,Research Director,Other,1,4138,14,3,3,17,2,5,Yes,1,2,1,3,5,3,No
EMP1047,36,Female,Single,Human Resources,Human Resources,Life Sciences,5,12368,15,32,2,14,3,12,No,3,2,4,3,3,1,No
EMP1048,47,Male,Single,Sales,Sales Representative,Human Resources,1,19359,21,8,8,22,2,21,No,1,1,4,4,6,2,No
EMP1049,36,Male,Single,Research & Development,Research Director,Life Sciences,4,6674,13,14,1,5,3,18,Yes,4,1,1,3,4,3,Yes
EMP1050,29,Female,Single,Sales,Sales Executive,Marketing,1,5108,24,1,1,11,5,14,No,3,1,4,3,1,2,No
EMP1051,20,Male,Single,Human Resources,HR Manager,Technical Degree,4,8177,22,40,9,2,5,1,No,1,1,1,3,3,1,No
EMP1052,27,Female,Single,Sales,Sales Representative,Technical Degree,4,18531,11,10,5,9,6,6,No,1,2,4,3,3,3,No
EMP1053,42,Male,Single,Research & Development,Research Director,Marketing,1,15490,11,26,17,23,2,3,No,3,3,4,3,4,1,Yes
EMP1054,44,Female,Divorced,Human Resources,Human Resources,Human Resources,4,10883,23,9,4,26,6,24,Yes,3,2,3,3,5,3,Yes
EMP1055,25,Female,Married,Sales,Sales Representative,Human Resources,3,6370,24,22,8,7,4,9,No,2,1,4,3,5,0,Yes
EMP1056,57,Male,Divorced,Research & Development,Laboratory Technician,Medical,4,9170,13,0,0,33,8,28,Yes,2,3,3,3,6,0,Yes
EMP1057,55,Female,Married,Research & Development,Research Scientist,Marketing,1,12389,21,6,3,5,4,12,No,2,1,2,3,1,2,No
EMP1058,29,Male,Divorced,Sales,Sales Executive,Technical Degree,1,11198,11,39,16,11,8,24,No,2,4,2,3,3,0,Yes
EMP1059,30,Male,Single,Sales,Sales Representative,Life Sciences,3,2071,12,0,0,12,7,23,No,4,1,2,3,5,3,Yes
EMP1060,24,Male,Married,Research & Development,Research Director,Other,5,2677,14,32,8,6,1,1,Yes,3,4,3,4,0,3,Yes
EMP1061,51,Male,Married,Sales,Sales Executive,Medical,5,18326,12,28,16,6,3,2,No,4,2,4,3,3,3,No
EMP1062,53,Female,Single,Research & Development,Research Scientist,Medical,2,13598,25,16,15,35,0,8,No,1,2,4,3,3,3,No
EMP1063,18,Male,Divorced,Sales,Sales Representative,Other,5,13013,23,22,14,0,4,22,No,1,1,2,3,1,1,No
EMP1064,29,Female,Divorced,Sales,Sales Executive,Life Sciences,4,13540,21,35,11,4,7,26,No,3,4,4,3,5,2,No
EMP1065,25,Male,Single,Sales,Sales Representative,Marketing,1,4791,16,26,9,7,3,1,No,4,1,1,3,1,0,No
EMP1066,28,Male,Divorced,Sales,Sales Executive,Human Resources,2,19945,17,8,8,0,1,10,No,3,1,2,3,5,0,No
EMP1067,32,Female,Single,Sales,Sales Executive,Technical Degree,4,12960,15,35,12,5,5,20,No,4,2,2,3,1,0,Yes
EMP1068,19,Female,Married,Research & Development,Manufacturing Director,Marketing,2,17084,23,32,18,1,5,11,No,1,3,4,3,5,0,No
EMP1069,22,Female,Single,Research & Development,Research Director,Medical,2,13202,21,36,15,4,0,28,No,3,3,3,3,6,3,No
EMP1070,42,Female,Married,Sales,Sales Representative,Other,3,10190,11,27,14,7,7,1,No,1,3,1,3,1,3,No
EMP1071,34,Male,Married,Research & Development,Research Director,Other,1,8103,15,6,6,16,1,10,No,2,1,2,4,6,2,No
EMP1072,42,Male,Married,Sales,Manager,Marketing,4,18313,11,25,4,24,4,14,No,2,3,1,3,1,3,No
EMP1073,27,Male,Married,Research & Development,Research Scientist,Medical,5,14145,18,30,13,9,8,14,No,3,2,2,4,6,0,No
EMP1074,19,Male,Single,Research & Development,Research Director,Life Sciences,3,13150,20,15,8,1,1,14,Yes,1,2,4,3,2,3,No
EMP1075,18,Female,Married,Research & Development,Manufacturing Director,Life Sciences,4,17399,22,38,14,0,1,28,No,3,3,3,3,4,0,No
EMP1076,51,Female,Single,Sales,Sales Executive,Technical Degree,2,15932,18,13,5,31,1,4,Yes,2,2,2,3,6,2,Yes
EMP1077,25,Female,Single,Human Resources,Human Resources,Life Sciences,3,6173,13,39,17,7,0,8,No,3,3,4,3,2,0,No
EMP1078,18,Male,Single,Sales,Sales Executive,Medical,4,19642,17,35,0,0,1,27,Yes,3,2,4,3,0,0,Yes
EMP1079,19,Female,Single,Research & Development,Research Scientist,Technical Degree,1,12229,25,0,0,1,2,15,No,2,2,2,3,2,2,Yes
EMP1080,25,Male,Divorced,Research & Development,Research Director,Marketing,4,15205,13,15,15,7,4,11,Yes,2,1,4,3,0,2,No
EMP1081,53,Male,Single,Research & Development,Laboratory Technician,Technical Degree,2,17172,23,11,11,3,0,21,No,2,1,4,3,2,3,Yes
EMP1082,45,Female,Divorced,Research & Development,Research Director,Marketing,2,15873,11,10,10,0,9,24,No,3,2,4,3,2,3,No
EMP1083,52,Female,Divorced,Research & Development,Research Scientist,Technical Degree,3,14535,12,1,1,19,2,6,Yes,1,1,2,3,6,2,No
EMP1084,33,Female,Divorced,Research & Development,Manufacturing Director,Human Resources,1,8387,12,11,5,9,3,6,No,2,2,2,3,2,0,No
EMP1085,59,Male,Single,Research & Development,Manufacturing Director,Human Resources,2,12072,19,18,10,13,8,27,No,1,2,4,3,6,2,No
EMP1086,33,Female,Single,Sales,Sales Executive,Technical Degree,2,14992,15,8,0,10,4,27,No,1,3,2,3,6,0,No
EMP1087,21,Female,Married,Research & Development,Manufacturing Director,Human Resources,5,5396,16,3,3,3,4,15,Yes,4,4,2,3,4,2,Yes
EMP1088,18,Male,Divorced,Research & Development,Manufacturing Director,Medical,4,12212,16,39,3,0,1,8,No,2,4,4,3,3,1,Yes
EMP1089,45,Female,Married,Research & Development,Manufacturing Director,Medical,5,14071,11,16,12,27,3,26,Yes,2,1,4,3,0,1,No
EMP1090,38,Male,Single,Research & Development,Manufacturing Director,Medical,1,3066,20,22,7,19,2,7,No,3,1,3,3,0,0,Yes
EMP1091,21,Female,Divorced,Research & Development,Research Director,Technical Degree,2,9559,22,29,4,3,8,17,No,3,2,2,4,1,2,No
EMP1092,38,Male,Divorced,Research & Development,Research Scientist,Life Sciences,3,18793,13,30,15,20,3,29,Yes,4,4,2,4,6,3,Yes
EMP1093,57,Female,Married,Research & Development,Laboratory Technician,Other,5,10506,16,27,8,30,2,18,Yes,3,3,2,3,6,3,Yes
EMP1094,29,Female,Married,Sales,Manager,Technical Degree,2,6523,13,23,9,11,2,13,No,3,3,1,3,4,1,No
EMP1095,18,Female,Divorced,Research & Development,Laboratory Technician,Other,4,6514,24,19,14,0,0,21,Yes,4,2,3,4,0,1,Yes
EMP1096,35,Male,Divorced,Sales,Manager,Life Sciences,1,14689,25,25,5,3,4,1,No,4,1,2,3,6,2,No
EMP1097,41,Male,Married,Research & Development,Laboratory Technician,Marketing,1,1623,13,14,2,10,8,7,Yes,1,2,2,3,4,1,Yes
EMP1098,47,Male,Married,Sales,Manager,Life Sciences,1,14767,22,1,1,3,1,13,Yes,4,1,3,3,5,3,Yes
EMP1099,45,Female,Single,Research & Development,Research Director,Other,5,12608,24,0,0,9,1,14,No,2,4,2,3,3,3,No
EMP1100,25,Female,Single,Sales,Sales Executive,Life Sciences,5,9495,25,18,2,7,5,13,No,3,2,2,3,2,2,No
EMP1101,30,Female,Divorced,Research & Development,Research Director,Technical Degree,5,12871,20,30,13,12,4,20,No,1,4,2,3,1,0,No
EMP1102,22,Male,Divorced,Research & Development,Manufacturing Director,Human Resources,4,1656,19,5,5,4,2,2,No,2,2,3,3,2,1,Yes
EMP1103,35,Male,Single,Sales,Sales Representative,Marketing,3,15046,24,21,6,17,2,1,No,4,3,4,3,2,2,No
EMP1104,32,Female,Divorced,Research & Development,Laboratory Technician,Human Resources,1,10212,14,29,5,14,9,1,Yes,4,3,1,3,2,2,No
EMP1105,48,Male,Single,Research & Development,Manufacturing Director,Technical Degree,3,8691,15,20,18,30,6,9,No,1,2,4,3,0,3,No
EMP1106,24,Female,Married,Sales,Sales Representative,Medical,4,2687,21,25,12,6,7,14,Yes,4,3,4,3,1,3,Yes
EMP1107,22,Male,Divorced,Research & Development,Manufacturing Director,Marketing,5,19727,11,2,1,4,4,17,Yes,4,2,1,3,2,3,Yes
EMP1108,36,Female,Married,Human Resources,HR Manager,Life Sciences,3,2205,14,14,7,18,7,16,No,4,2,2,3,5,0,No
EMP1109,25,Male,Divorced,Research & Development,Laboratory Technician,Medical,4,14454,14,30,18,7,6,17,No,1,1,4,3,2,2,No
EMP1110,20,Female,Single,Research & Development,Laboratory Technician,Marketing,2,17885,11,39,16,2,5,21,No,4,1,3,3,6,2,Yes
EMP1111,25,Female,Divorced,Research & Development,Research Scientist,Human Resources,4,3556,12,34,12,7,0,6,No,4,1,4,3,6,3,No
EMP1112,18,Male,Divorced,Research & Development,Laboratory Technician,Human Resources,5,6243,18,31,3,0,7,8,No,4,3,2,3,0,0,No
EMP1113,37,Female,Divorced,Research & Development,Laboratory Technician,Marketing,2,1998,11,13,13,18,9,10,No,2,1,2,4,5,0,Yes
EMP1114,54,Female,Single,Research & Development,Research Director,Technical Degree,5,6895,15,4,4,35,8,20,No,4,2,1,3,1,1,No
EMP1115,35,Male,Divorced,Research & Development,Laboratory Technician,Medical,1,16275,12,34,3,17,3,9,No,1,4,4,4,5,2,No
EMP1116,21,Female,Divorced,Sales,Manager,Other,2,17753,21,5,5,2,2,20,Yes,4,1,1,3,3,2,Yes
EMP1117,21,Male,Divorced,Sales,Manager,Other,1,15894,15,10,10,1,4,25,Yes,2,4,2,3,6,2,No
EMP1118,19,Male,Divorced,Research & Development,Manufacturing Director,Other,4,10040,12,5,2,1,6,29,No,1,4,1,3,6,1,No
EMP1119,26,Male,Single,Sales,Sales Executive,Medical,5,4942,15,29,1,8,4,29,No,2,4,2,3,2,1,No
EMP1120,42,Female,Married,Research & Development,Laboratory Technician,Human Resources,4,1201,17,5,5,24,5,29,Yes,3,2,3,3,1,0,Yes
EMP1121,27,Female,Single,Research & Development,Research Director,Life Sciences,2,19074,25,17,17,9,0,15,No,1,2,4,3,1,2,No
EMP1122,26,Male,Married,Research & Development,Manufacturing Director,Marketing,2,14932,22,16,16,8,6,8,No,4,3,3,3,6,2,No
EMP1123,25,Female,Single,Research & Development,Research Director,Human Resources,3,10067,18,25,13,7,6,13,Yes,2,2,2,3,6,3,Yes
EMP1124,26,Female,Divorced,Research & Development,Manufacturing Director,Medical,2,2663,11,16,5,8,9,19,No,4,2,2,4,1,3,Yes
EMP1125,47,Male,Single,Research & Development,Research Director,Marketing,4,6065,20,37,17,23,7,15,Yes,3,4,4,3,3,1,No
EMP1126,45,Male,Married,Sales,Sales Executive,Human Resources,2,2609,20,33,8,9,3,17,No,2,1,3,3,6,0,No
EMP1127,43,Male,Married,Sales,Sales Executive,Marketing,1,16292,25,25,4,13,4,28,No,1,3,2,4,5,0,Yes
EMP1128,19,Female,Married,Sales,Manager,Medical,5,16412,25,8,1,1,2,24,No,4,3,4,3,2,0,No
EMP1129,59,Male,Single,Sales,Manager,Marketing,2,2024,25,36,15,23,6,20,No,4,1,3,3,1,0,Yes
EMP1130,26,Female,Divorced,Research & Development,Research Scientist,Marketing,2,1100,24,28,13,8,4,25,No,4,3,4,3,6,0,Yes
EMP1131,37,Male,Married,Research & Development,Research Scientist,Medical,1,7371,13,30,10,19,3,16,No,1,1,1,3,5,0,No
EMP1132,40,Male,Divorced,Sales,Sales Representative,Other,2,2483,15,9,9,18,0,15,No,1,2,4,3,1,1,No
EMP1133,37,Female,Divorced,Sales,Sales Representative,Human Resources,1,9886,24,31,13,19,0,3,Yes,4,2,2,3,5,3,Yes
EMP1134,56,Male,Divorced,Sales,Sales Representative,Human Resources,3,3952,11,30,7,35,3,13,No,2,3,1,3,2,0,No
EMP1135,50,Male,Divorced,Sales,Sales Representative,Other,1,11526,21,28,8,30,6,4,Yes,4,3,2,3,0,3,Yes
EMP1136,36,Male,Divorced,Sales,Sales Executive,Marketing,3,11224,21,7,7,18,8,26,Yes,1,2,2,3,0,1,Yes
EMP1137,28,Male,Divorced,Research & Development,Research Scientist,Marketing,5,19184,22,25,8,5,2,11,No,1,4,1,3,4,2,No
EMP1138,42,Male,Single,Sales,Sales Representative,Other,2,12233,25,26,4,24,8,1,Yes,2,4,3,3,4,0,Yes
EMP1139,50,Male,Divorced,Research & Development,Research Director,Medical,1,4858,17,38,2,6,2,22,No,3,2,1,3,6,3,Yes
EMP1140,52,Male,Married,Sales,Sales Representative,Medical,4,8905,11,11,3,14,2,26,Yes,4,1,3,4,1,2,No
EMP1141,48,Female,Married,Research & Development,Research Director,Marketing,3,10717,22,30,1,30,4,3,No,2,2,1,3,3,0,No
EMP1142,33,Female,Married,Research & Development,Research Director,Technical Degree,2,14360,17,11,7,15,2,1,No,4,1,3,3,5,0,No
EMP1143,26,Male,Single,Research & Development,Research Director,Technical Degree,5,14158,24,3,3,8,3,13,No,1,4,2,3,3,0,Yes
EMP1144,51,Female,Married,Research & Development,Research Scientist,Life Sciences,5,18868,11,37,3,23,3,2,Yes,2,1,1,4,5,1,Yes
EMP1145,56,Male,Married,Sales,Sales Executive,Marketing,5,16327,11,38,11,29,8,20,Yes,1,2,4,3,3,1,Yes
EMP1146,49,Female,Married,Research & Development,Manufacturing Director,Other,5,5500,11,2,2,31,1,3,No,3,3,3,3,4,0,No
EMP1147,40,Female,Married,Research & Development,Laboratory Technician,Marketing,4,14317,22,10,5,22,0,16,No,3,2,1,3,2,3,Yes
EMP1148,44,Male,Married,Sales,Sales Representative,Human Resources,4,2007,12,28,0,26,5,7,No,2,4,4,3,6,2,No
EMP1149,22,Male,Single,Research & Development,Laboratory Technician,Technical Degree,2,3963,16,27,15,4,9,15,No,3,4,1,3,0,1,No
EMP1150,22,Female,Married,Sales,Manager,Technical Degree,5,9703,11,3,3,4,7,11,No,3,2,1,3,4,2,Yes
EMP1151,23,Female,Divorced,Research & Development,Research Director,Marketing,4,8047,15,27,10,5,9,23,No,1,2,2,4,3,3,No
EMP1152,18,Male,Single,Research & Development,Research Director,Medical,4,16542,18,5,5,0,5,20,Yes,1,1,2,3,3,1,Yes
EMP1153,27,Male,Divorced,Research & Development,Research Director,Medical,2,19540,25,25,9,9,6,6,Yes,2,2,3,3,6,3,No
EMP1154,55,Male,Married,Research & Development,Manufacturing Director,Technical Degree,2,6233,12,14,14,0,0,6,No,2,1,2,3,4,2,Yes
EMP1155,57,Female,Married,Sales,Sales Executive,Medical,2,10738,24,31,2,21,1,11,No,2,1,4,3,2,2,Yes
EMP1156,42,Female,Married,Sales,Sales Representative,Human Resources,5,3284,14,12,12,11,4,13,No,1,1,1,3,1,1,No
EMP1157,45,Male,Married,Human Resources,Human Resources,Technical Degree,4,16307,25,13,6,0,7,10,No,4,1,4,3,0,3,No
EMP1158,41,Male,Married,Sales,Sales Representative,Human Resources,3,6562,22,39,16,3,7,2,No,2,3,1,3,6,2,Yes
EMP1159,49,Female,Married,Sales,Manager,Marketing,5,6481,22,27,14,12,0,1,No,3,1,4,3,1,3,No
EMP1160,60,Female,Married,Human Resources,HR Manager,Other,1,10273,23,36,14,36,9,7,Yes,4,2,1,3,5,3,No
EMP1161,35,Female,Divorced,Research & Development,Research Scientist,Other,5,15009,24,2,2,17,3,20,No,3,3,1,4,1,3,Yes
EMP1162,26,Female,Married,Sales,Sales Executive,Life Sciences,2,4313,15,10,10,0,5,18,No,1,1,3,3,1,0,No
EMP1163,29,Male,Single,Research & Development,Research Director,Medical,5,18410,18,19,15,11,8,24,No,2,3,4,3,5,0,No
EMP1164,51,Male,Married,Sales,Sales Executive,Human Resources,5,16838,14,3,3,33,1,13,No,3,1,4,3,5,2,No
EMP1165,43,Female,Married,Sales,Manager,Life Sciences,3,17894,25,27,14,9,9,28,No,4,2,2,4,6,3,Yes
EMP1166,25,Male,Divorced,Sales,Manager,Medical,4,3750,19,24,12,7,7,11,Yes,1,4,3,3,5,3,Yes
EMP1167,60,Female,Married,Research & Development,Research Director,Marketing,4,12545,16,6,5,33,8,13,Yes,4,3,1,3,3,3,No
EMP1168,36,Male,Married,Research & Development,Manufacturing Director,Technical Degree,3,9376,18,20,3,0,9,17,Yes,3,3,3,3,4,2,Yes
EMP1169,30,Female,Single,Sales,Sales Representative,Human Resources,2,11438,23,30,1,9,9,2,No,4,1,2,3,2,2,No
EMP1170,50,Male,Single,Research & Development,Research Scientist,Other,3,2598,23,34,17,32,0,19,Yes,3,1,2,3,4,3,Yes
EMP1171,56,Female,Single,Research & Development,Research Director,Marketing,3,6017,18,35,8,22,5,10,Yes,3,4,3,3,0,1,No
EMP1172,42,Female,Divorced,Research & Development,Research Director,Life Sciences,5,11555,22,31,7,17,0,14,No,1,3,1,3,1,2,Yes
EMP1173,20,Female,Divorced,Research & Development,Research Scientist,Human Resources,2,11892,12,33,8,2,0,5,No,1,4,2,3,1,3,No
EMP1174,52,Female,Single,Research & Development,Manufacturing Director,Other,3,3194,20,32,13,33,2,25,No,2,2,1,3,6,2,No
EMP1175,50,Male,Divorced,Research & Development,Manufacturing Director,Technical Degree,2,9027,15,14,5,29,9,13,No,4,1,3,3,6,1,No
EMP1176,48,Male,Single,Sales,Manager,Technical Degree,2,1090,23,24,12,29,8,26,Yes,2,1,3,3,6,0,Yes
EMP1177,27,Female,Married,Sales,Sales Executive,Marketing,5,11246,21,26,17,7,2,15,No,1,4,2,3,1,3,No
EMP1178,50,Male,Single,Research & Development,Research Scientist,Medical,4,19791,21,3,1,3,8,23,No,4,3,3,4,5,3,No
EMP1179,53,Female,Divorced,Sales,Sales Representative,Marketing,3,3322,20,40,14,28,8,3,No,3,3,2,3,4,0,No
EMP1180,47,Male,Married,Research & Development,Manufacturing Director,Technical Degree,5,2912,19,35,18,26,8,7,No,4,2,4,3,2,3,Yes
EMP1181,19,Female,Married,Research & Development,Research Scientist,Life Sciences,2,8801,25,37,12,1,1,11,No,2,1,1,3,4,0,No
EMP1182,59,Male,Divorced,Research & Development,Research Director,Medical,1,17014,23,0,0,37,3,5,No,1,1,1,3,3,1,No
EMP1183,42,Male,Married,Research & Development,Laboratory Technician,Other,5,15317,20,19,14,24,7,11,No,2,3,1,3,4,3,No
EMP1184,32,Female,Married,Human Resources,Human Resources,Other,4,1443,11,31,14,14,5,11,Yes,1,2,2,3,5,2,Yes
EMP1185,20,Female,Divorced,Research & Development,Research Scientist,Human Resources,2,17936,15,17,8,2,4,3,Yes,3,3,2,3,0,3,No
EMP1186,24,Female,Single,Research & Development,Laboratory Technician,Medical,4,18564,18,28,3,6,7,15,No,4,1,1,3,4,0,Yes
EMP1187,37,Female,Married,Research & Development,Manufacturing Director,Human Resources,3,9640,24,26,15,4,6,14,No,3,1,2,3,2,0,No
EMP1188,26,Male,Married,Research & Development,Research Director,Human Resources,2,4909,18,22,18,6,2,23,No,3,4,2,3,5,1,No
EMP1189,53,Male,Single,Research & Development,Laboratory Technician,Human Resources,1,11869,24,35,11,4,1,10,No,3,2,2,3,3,2,No
EMP1190,58,Female,Married,Research & Development,Laboratory Technician,Life Sciences,4,7801,21,19,9,34,5,4,No,4,3,4,3,5,2,No
EMP1191,23,Female,Divorced,Research & Development,Research Director,Human Resources,1,14925,20,4,4,5,1,22,Yes,1,2,2,3,3,0,No
EMP1192,24,Female,Divorced,Sales,Sales Representative,Technical Degree,4,2928,23,37,8,6,2,24,No,2,4,4,3,4,1,Yes
EMP1193,60,Male,Single,Research & Development,Laboratory Technician,Medical,4,12408,18,1,1,7,6,7,No,4,2,1,3,3,3,No
EMP1194,42,Female,Single,Human Resources,HR Manager,Life Sciences,2,11280,20,25,7,4,3,23,Yes,1,2,2,3,2,0,No
EMP1195,31,Male,Married,Research & Development,Research Director,Technical Degree,3,1538,15,6,6,1,6,9,No,1,3,2,3,0,2,No
EMP1196,31,Male,Married,Sales,Sales Representative,Marketing,4,12821,13,27,9,13,7,8,Yes,4,1,1,3,6,3,Yes
EMP1197,55,Female,Divorced,Research & Development,Manufacturing Director,Other,3,12674,20,37,5,1,1,9,No,4,4,4,4,2,0,No
EMP1198,53,Female,Married,Research & Development,Laboratory Technician,Life Sciences,2,9891,11,18,8,30,3,18,No,4,4,2,3,4,2,No
EMP1199,32,Female,Married,Sales,Sales Representative,Other,1,13257,19,30,9,14,9,9,No,2,2,3,3,3,3,No
EMP1200,31,Male,Married,Sales,Manager,Life Sciences,5,11567,16,18,7,3,8,2,No,4,4,1,3,6,0,Yes
EMP1201,52,Male,Married,Research & Development,Laboratory Technician,Medical,5,3771,12,20,2,31,2,14,No,3,2,4,3,5,0,No
EMP1202,22,Male,Divorced,Research & Development,Research Scientist,Other,4,18195,24,20,13,4,0,18,No,3,4,1,3,1,3,No
EMP1203,33,Female,Married,Research & Development,Research Scientist,Medical,2,1409,22,25,1,1,5,14,Yes,2,1,2,4,5,2,Yes
EMP1204,26,Male,Single,Sales,Manager,Marketing,2,1903,13,25,13,6,9,24,No,1,3,1,3,4,0,No
EMP1205,43,Male,Divorced,Research & Development,Laboratory Technician,Human Resources,2,5227,21,8,4,3,2,19,Yes,1,3,2,4,1,1,Yes
EMP1206,26,Male,Single,Research & Development,Research Scientist,Life Sciences,2,9398,17,34,9,8,2,12,Yes,1,2,2,3,4,0,Yes
EMP1207,56,Female,Married,Sales,Sales Representative,Medical,2,10979,19,11,11,27,4,6,No,3,4,4,3,4,3,No
EMP1208,29,Male,Married,Research & Development,Manufacturing Director,Technical Degree,4,8955,23,17,17,11,6,12,No,3,2,4,3,6,0,No
EMP1209,42,Female,Married,Human Resources,HR Manager,Human Resources,1,9774,12,31,12,24,6,14,No,3,2,1,3,2,2,No
EMP1210,41,Female,Single,Sales,Sales Representative,Marketing,4,9882,23,25,13,15,6,23,No,2,3,2,3,1,2,Yes
EMP1211,30,Female,Divorced,Research & Development,Research Director,Medical,3,4392,15,21,15,12,3,18,Yes,4,4,2,3,2,1,Yes
EMP1212,39,Male,Divorced,Research & Development,Research Director,Human Resources,1,14540,23,6,6,21,9,8,No,2,3,4,3,4,0,Yes
EMP1213,32,Male,Married,Research & Development,Research Scientist,Human Resources,2,16144,13,5,0,6,7,2,Yes,4,2,4,3,5,0,Yes
EMP1214,57,Male,Divorced,Research & Development,Research Director,Medical,4,10023,23,36,6,25,4,19,Yes,1,3,4,3,6,3,Yes
EMP1215,59,Male,Married,Sales,Sales Executive,Other,3,12296,25,25,6,0,9,19,No,2,1,4,3,5,2,Yes
EMP1216,54,Male,Divorced,Sales,Manager,Life Sciences,2,14562,25,24,9,13,6,1,No,1,4,4,4,5,1,No
EMP1217,56,Female,Single,Sales,Sales Executive,Medical,3,19726,14,1,1,17,3,3,No,2,3,1,3,1,2,Yes
EMP1218,60,Male,Divorced,Research & Development,Research Director,Marketing,5,4298,20,18,1,2,6,28,No,3,1,1,4,3,1,Yes
EMP1219,34,Male,Married,Research & Development,Research Scientist,Life Sciences,3,19960,19,37,2,16,2,2,No,1,3,2,4,4,3,No
EMP1220,43,Male,Divorced,Research & Development,Research Scientist,Human Resources,1,9084,14,18,4,12,2,9,Yes,2,3,3,3,0,2,Yes
EMP1221,21,Female,Divorced,Research & Development,Research Scientist,Life Sciences,2,18819,23,24,1,3,3,4,Yes,4,1,1,3,1,0,No
EMP1222,19,Female,Divorced,Human Resources,HR Manager,Life Sciences,2,18073,25,35,2,1,5,10,No,1,2,4,4,1,3,No
EMP1223,56,Female,Divorced,Sales,Sales Representative,Marketing,4,13479,20,18,13,24,7,21,Yes,1,2,1,3,2,0,Yes
EMP1224,54,Male,Divorced,Human Resources,Human Resources,Medical,1,12423,21,18,1,11,6,2,Yes,2,1,3,3,4,3,Yes
EMP1225,44,Female,Single,Research & Development,Manufacturing Director,Marketing,2,17289,19,19,2,26,7,3,Yes,3,3,4,3,4,2,No
EMP1226,40,Male,Single,Research & Development,Manufacturing Director,Life Sciences,3,4481,25,37,10,11,8,25,No,3,4,2,3,2,1,No
EMP1227,23,Female,Single,Research & Development,Research Director,Other,3,14283,21,23,0,5,4,3,Yes,1,4,1,3,6,2,No
EMP1228,18,Female,Single,Human Resources,HR Manager,Marketing,1,17784,23,28,3,0,4,2,No,1,4,4,3,6,0,Yes
EMP1229,27,Male,Single,Sales,Sales Representative,Human Resources,1,4997,19,22,5,9,4,5,Yes,2,2,2,3,0,2,Yes
EMP1230,27,Female,Single,Research & Development,Manufacturing Director,Life Sciences,3,4032,16,2,2,9,1,4,Yes,1,2,3,4,1,0,Yes
EMP1231,46,Male,Single,Research & Development,Laboratory Technician,Technical Degree,3,4864,12,40,11,19,0,18,No,1,4,2,3,6,0,Yes
EMP1232,36,Male,Married,Research & Development,Manufacturing Director,Life Sciences,5,11918,22,8,8,18,7,14,No,1,3,3,3,2,1,Yes
EMP1233,23,Male,Married,Research & Development,Laboratory Technician,Medical,3,17318,21,35,0,5,3,4,No,2,4,1,3,6,3,No
EMP1234,33,Male,Married,Research & Development,Research Director,Marketing,5,11598,17,22,15,15,0,29,No,3,1,3,3,6,3,No
EMP1235,37,Female,Single,Research & Development,Laboratory Technician,Technical Degree,1,2597,12,24,10,19,7,12,No,2,2,4,3,0,3,Yes
EMP1236,44,Female,Divorced,Sales,Sales Executive,Human Resources,1,10801,17,37,17,26,7,7,Yes,3,2,1,3,5,1,No
EMP1237,43,Female,Married,Sales,Sales Representative,Medical,3,1308,23,34,9,17,8,10,No,2,2,3,3,0,0,Yes
EMP1238,26,Female,Married,Sales,Manager,Medical,4,4548,23,20,17,0,7,27,No,4,3,1,3,4,3,Yes
EMP1239,28,Male,Single,Research & Development,Research Scientist,Medical,2,12082,17,38,9,2,2,26,No,2,1,3,3,4,1,Yes
EMP1240,26,Male,Divorced,Research & Development,Research Director,Human Resources,5,3979,17,28,5,8,4,1,Yes,3,2,2,3,0,3,No
EMP1241,29,Male,Divorced,Research & Development,Manufacturing Director,Medical,4,13541,11,38,6,7,5,27,No,1,4,2,4,6,1,No
EMP1242,55,Female,Divorced,Sales,Sales Executive,Marketing,1,7069,14,9,1,37,5,7,No,1,1,2,3,4,3,No
EMP1243,56,Male,Single,Sales,Sales Executive,Other,5,12202,18,27,3,32,4,22,No,2,3,4,3,5,0,No
EMP1244,40,Male,Divorced,Human Resources,HR Manager,Technical Degree,5,5682,21,14,0,22,6,3,No,3,2,2,3,5,3,No
EMP1245,52,Female,Married,Research & Development,Manufacturing Director,Marketing,4,10444,21,15,14,31,1,20,Yes,1,3,3,3,0,3,Yes
EMP1246,44,Male,Married,Research & Development,Manufacturing Director,Medical,4,14708,12,4,4,9,6,2,Yes,2,1,3,3,5,0,Yes
EMP1247,22,Female,Divorced,Research & Development,Research Director,Human Resources,4,1796,19,24,15,4,7,7,No,2,3,2,3,0,2,Yes
EMP1248,26,Female,Married,Research & Development,Manufacturing Director,Medical,4,3754,24,5,5,8,3,24,No,3,2,1,3,3,2,No
EMP1249,52,Male,Divorced,Research & Development,Laboratory Technician,Other,1,7797,15,9,8,31,8,16,No,4,4,2,3,5,0,No
EMP1250,30,Female,Married,Research & Development,Research Director,Human Resources,1,12177,16,13,13,12,6,1,Yes,1,1,3,3,6,1,Yes
EMP1251,29,Female,Single,Research & Development,Laboratory Technician,Medical,4,7008,25,17,10,11,6,12,No,2,2,4,4,2,3,No
EMP1252,44,Female,Divorced,Sales,Sales Representative,Technical Degree,2,6405,11,17,17,26,2,21,No,3,1,1,3,2,3,Yes
EMP1253,54,Female,Single,Research & Development,Research Director,Medical,1,14827,18,8,8,16,0,23,No,4,2,2,3,4,1,No
EMP1254,35,Male,Divorced,Research & Development,Research Scientist,Life Sciences,3,15331,25,23,0,17,0,28,Yes,2,3,4,3,2,2,No
EMP1255,47,Female,Single,Research & Development,Laboratory Technician,Human Resources,3,2710,14,29,0,28,2,22,Yes,2,1,3,3,6,1,Yes
EMP1256,27,Female,Single,Research & Development,Manufacturing Director,Other,4,17007,14,25,14,7,8,28,Yes,2,4,2,3,3,0,Yes
EMP1257,26,Male,Single,Research & Development,Laboratory Technician,Other,5,10583,18,32,8,1,6,7,Yes,3,2,2,4,6,3,No
EMP1258,50,Female,Married,Sales,Manager,Other,1,7786,19,24,0,26,2,20,No,3,3,4,4,0,2,No
EMP1259,21,Male,Married,Sales,Sales Executive,Human Resources,3,4075,18,36,6,3,6,10,No,1,1,1,4,0,2,No
EMP1260,59,Male,Divorced,Sales,Sales Executive,Other,5,19918,17,40,1,32,1,8,No,1,1,3,3,2,3,No
EMP1261,31,Male,Married,Research & Development,Laboratory Technician,Human Resources,2,16649,19,19,14,13,1,1,No,1,2,1,3,3,2,Yes
EMP1262,25,Female,Single,Research & Development,Research Director,Life Sciences,5,2228,12,9,9,7,6,4,No,1,4,2,3,0,2,No
EMP1263,45,Male,Single,Human Resources,HR Manager,Human Resources,5,16410,16,24,14,21,0,16,No,2,2,2,3,5,0,No
EMP1264,52,Female,Married,Sales,Sales Executive,Other,5,3203,21,37,11,18,3,8,No,4,2,3,3,4,1,Yes
EMP1265,43,Female,Divorced,Research & Development,Research Scientist,Technical Degree,3,19344,24,2,2,0,3,20,No,3,4,4,3,0,1,Yes
EMP1266,50,Female,Single,Research & Development,Laboratory Technician,Technical Degree,4,15099,16,37,17,32,0,12,No,2,3,3,3,1,1,No
EMP1267,37,Male,Divorced,Research & Development,Laboratory Technician,Technical Degree,2,1259,22,34,18,19,8,8,No,2,1,4,3,6,1,No
EMP1268,48,Male,Divorced,Research & Development,Research Scientist,Marketing,2,11463,25,8,8,9,0,2,No,4,2,1,3,3,0,Yes
EMP1269,27,Male,Single,Research & Development,Manufacturing Director,Marketing,3,17027,21,13,1,6,6,20,No,4,4,4,3,0,3,No
EMP1270,57,Female,Married,Research & Development,Research Director,Technical Degree,3,2342,22,38,12,9,0,1,No,2,2,3,3,4,2,Yes
EMP1271,36,Female,Single,Research & Development,Research Director,Technical Degree,5,7572,11,11,4,18,0,23,No,1,3,2,4,3,2,No
EMP1272,33,Female,Married,Research & Development,Research Scientist,Other,5,4754,11,5,5,15,2,27,Yes,1,1,1,3,3,0,Yes
EMP1273,43,Female,Married,Research & Development,Laboratory Technician,Marketing,5,15941,12,35,6,25,9,3,Yes,3,2,3,3,1,2,Yes
EMP1274,54,Female,Single,Sales,Sales Representative,Other,5,14547,13,40,12,27,7,3,No,2,2,1,4,5,3,Yes
EMP1275,51,Female,Married,Sales,Sales Representative,Human Resources,2,17329,15,8,8,1,0,22,Yes,1,2,1,3,0,3,Yes
EMP1276,55,Female,Single,Sales,Sales Representative,Medical,4,4762,20,25,6,0,3,28,No,2,2,3,4,3,1,Yes
EMP1277,21,Male,Divorced,Sales,Sales Executive,Human Resources,5,8702,19,4,4,3,0,18,No,1,1,3,4,1,1,No
EMP1278,35,Male,Divorced,Sales,Manager,Other,1,8549,13,3,3,17,6,25,No,4,4,4,3,3,0,No
EMP1279,23,Female,Divorced,Sales,Sales Executive,Life Sciences,3,19754,24,19,14,2,3,23,No,3,4,1,4,0,0,No
EMP1280,53,Male,Divorced,Research & Development,Laboratory Technician,Technical Degree,4,7654,21,38,14,35,4,4,No,3,2,1,3,1,3,No
EMP1281,44,Male,Divorced,Research & Development,Manufacturing Director,Life Sciences,4,16928,19,27,15,26,2,29,No,1,4,4,3,5,1,No
EMP1282,45,Male,Single,Research & Development,Manufacturing Director,Other,4,6299,22,29,12,27,8,15,Yes,2,2,4,3,6,0,No
EMP1283,30,Male,Married,Research & Development,Research Director,Marketing,2,7145,19,35,17,8,5,8,No,1,4,3,3,4,0,No
EMP1284,57,Male,Married,Research & Development,Research Director,Marketing,5,17262,23,24,9,6,4,3,Yes,2,3,1,3,0,3,No
EMP1285,42,Male,Single,Research & Development,Laboratory Technician,Human Resources,3,14000,11,22,2,23,8,10,No,4,1,1,3,3,0,No
EMP1286,18,Female,Married,Research & Development,Laboratory Technician,Human Resources,2,18141,11,28,17,0,3,21,No,4,3,4,4,5,1,No
EMP1287,25,Female,Divorced,Sales,Sales Executive,Life Sciences,1,17628,13,25,1,7,5,20,No,2,1,4,3,1,1,No
EMP1288,44,Male,Married,Research & Development,Research Scientist,Medical,1,1455,15,31,6,23,6,21,Yes,2,3,2,4,1,3,Yes
EMP1289,58,Female,Married,Sales,Sales Executive,Other,1,10088,25,19,12,13,6,24,No,3,4,4,3,4,3,No
EMP1290,37,Male,Married,Sales,Sales Representative,Marketing,1,10206,14,24,13,19,4,28,No,4,3,2,3,4,2,No
EMP1291,32,Female,Divorced,Research & Development,Manufacturing Director,Medical,4,17213,16,13,13,0,7,28,No,3,3,2,3,3,3,No
EMP1292,56,Female,Divorced,Sales,Sales Executive,Human Resources,2,9260,23,19,7,23,4,25,No,4,3,1,3,2,0,No
EMP1293,20,Female,Married,Research & Development,Manufacturing Director,Medical,1,2684,24,29,6,2,7,24,No,2,1,4,3,1,2,No
EMP1294,40,Male,Divorced,Research & Development,Research Scientist,Life Sciences,1,14827,16,8,8,11,0,5,No,3,1,3,3,2,0,No
EMP1295,24,Male,Single,Research & Development,Manufacturing Director,Medical,4,9686,13,14,7,6,1,24,No,3,2,1,3,0,1,No
EMP1296,35,Female,Married,Human Resources,Human Resources,Medical,4,9666,18,9,9,17,8,2,No,4,2,3,3,2,1,No
EMP1297,40,Male,Married,Research & Development,Manufacturing Director,Other,4,2351,24,38,2,20,4,29,No,3,1,1,3,2,2,No
EMP1298,32,Female,Single,Research & Development,Research Scientist,Technical Degree,2,18828,12,6,6,14,2,27,No,2,4,3,3,6,2,No
EMP1299,45,Female,Married,Research & Development,Laboratory Technician,Life Sciences,2,14912,17,1,1,5,9,19,Yes,1,4,4,3,0,1,Yes
EMP1300,45,Female,Single,Sales,Sales Executive,Technical Degree,4,2952,14,19,10,11,6,23,Yes,3,2,2,4,3,0,No
EMP1301,31,Male,Married,Sales,Sales Executive,Human Resources,3,3972,13,18,4,6,2,2,Yes,3,2,4,3,4,1,Yes
EMP1302,26,Female,Married,Research & Development,Manufacturing Director,Technical Degree,2,3103,22,7,7,8,8,3,No,1,3,3,3,6,1,Yes
EMP1303,57,Male,Divorced,Research & Development,Research Scientist,Other,2,16862,21,30,3,38,9,22,No,1,3,1,3,0,3,Yes
EMP1304,39,Male,Single,Research & Development,Research Director,Human Resources,1,15012,17,9,2,20,8,19,No,4,2,2,3,1,0,No
EMP1305,47,Male,Single,Research & Development,Research Director,Marketing,2,19518,22,32,14,23,9,24,No,4,3,3,4,6,0,No
EMP1306,21,Male,Single,Sales,Sales Representative,Medical,1,5299,13,24,16,3,5,10,Yes,4,1,2,3,0,2,Yes
EMP1307,43,Male,Married,Sales,Manager,Life Sciences,5,7749,23,17,13,25,2,18,No,4,3,3,3,1,3,No
EMP1308,20,Male,Married,Sales,Sales Executive,Medical,1,2597,11,20,3,2,2,10,Yes,3,4,1,3,1,0,Yes
EMP1309,53,Male,Single,Sales,Sales Executive,Human Resources,2,3525,21,24,16,30,8,8,Yes,4,2,4,3,4,0,No
EMP1310,42,Female,Divorced,Research & Development,Research Director,Technical Degree,4,16807,11,11,1,0,1,23,Yes,3,2,1,3,6,3,Yes
EMP1311,45,Female,Single,Sales,Manager,Other,5,11515,12,6,5,19,9,29,Yes,1,3,1,3,6,2,Yes
EMP1312,41,Male,Divorced,Research & Development,Research Director,Technical Degree,3,12098,21,24,3,23,7,15,No,4,4,4,3,5,0,No
EMP1313,27,Female,Married,Research & Development,Laboratory Technician,Life Sciences,2,14172,19,24,14,9,1,15,No,1,3,3,3,1,3,No
EMP1314,20,Male,Divorced,Sales,Sales Executive,Other,3,13486,15,4,4,2,3,7,No,4,4,2,3,0,0,No
EMP1315,44,Male,Divorced,Research & Development,Manufacturing Director,Other,1,13283,11,11,9,24,4,14,No,1,4,4,3,3,2,No
EMP1316,52,Female,Single,Human Resources,HR Manager,Medical,4,19070,22,35,7,5,3,21,Yes,3,2,4,3,3,1,No
EMP1317,54,Male,Divorced,Human Resources,Human Resources,Other,2,16821,22,3,3,36,0,9,No,2,3,1,3,3,1,Yes
EMP1318,52,Male,Married,Research & Development,Laboratory Technician,Technical Degree,1,18002,21,12,0,33,7,28,Yes,1,4,4,3,2,3,No
EMP1319,51,Female,Divorced,Research & Development,Research Director,Human Resources,4,2872,17,20,5,26,8,9,No,2,1,4,3,6,2,Yes
EMP1320,24,Male,Married,Research & Development,Research Scientist,Life Sciences,4,7931,18,40,10,6,2,4,No,2,1,4,3,4,2,No
EMP1321,29,Male,Married,Research & Development,Research Director,Human Resources,3,14460,20,13,13,11,9,23,No,1,1,2,3,5,0,No
EMP1322,28,Male,Divorced,Research & Development,Research Scientist,Life Sciences,4,3527,25,27,15,10,3,23,No,2,1,4,3,3,0,Yes
EMP1323,57,Female,Divorced,Research & Development,Manufacturing Director,Life Sciences,1,11182,14,38,1,26,5,25,Yes,2,3,3,3,4,2,No
EMP1324,33,Male,Married,Research & Development,Research Scientist,Marketing,2,6059,22,9,9,15,9,3,No,3,1,4,3,5,1,No
EMP1325,22,Female,Married,Research & Development,Manufacturing Director,Medical,1,6979,12,12,12,4,5,9,No,1,4,2,3,2,1,Yes
EMP1326,32,Male,Single,Sales,Sales Representative,Human Resources,2,1293,20,30,12,8,5,10,No,3,1,4,3,6,3,No
EMP1327,20,Male,Married,Research & Development,Laboratory Technician,Technical Degree,2,11777,25,5,5,2,7,20,No,1,1,2,3,1,3,Yes
EMP1328,26,Male,Divorced,Sales,Manager,Marketing,1,6915,23,19,4,8,3,17,No,2,3,1,3,6,0,No
EMP1329,33,Female,Married,Sales,Sales Executive,Marketing,1,4093,24,34,3,9,8,25,No,3,3,3,3,6,2,No
EMP1330,60,Female,Single,Sales,Manager,Marketing,1,11090,11,28,13,6,6,11,No,1,1,4,3,2,2,Yes
EMP1331,40,Male,Single,Sales,Manager,Technical Degree,1,11492,24,19,4,4,2,27,No,3,1,1,3,3,0,Yes
EMP1332,30,Female,Single,Research & Development,Manufacturing Director,Other,5,6757,23,2,2,12,9,14,Yes,4,4,4,3,1,1,Yes
EMP1333,32,Female,Single,Research & Development,Research Scientist,Life Sciences,5,7296,11,38,0,14,2,21,No,2,3,2,3,2,3,No
EMP1334,50,Female,Single,Research & Development,Manufacturing Director,Medical,3,17962,17,34,7,2,8,24,No,3,2,4,3,3,2,No
EMP1335,41,Female,Single,Research & Development,Laboratory Technician,Other,5,6795,24,24,4,10,0,11,No,3,1,4,3,4,2,No
EMP1336,53,Female,Married,Research & Development,Manufacturing Director,Other,1,9159,24,36,13,25,1,20,No,4,3,3,3,6,3,No
EMP1337,34,Male,Single,Research & Development,Laboratory Technician,Human Resources,5,12157,17,17,4,16,9,24,No,4,2,3,4,5,3,No
EMP1338,45,Female,Single,Research & Development,Manufacturing Director,Technical Degree,1,16002,14,1,1,27,0,3,No,1,3,4,4,6,2,Yes
EMP1339,43,Female,Married,Research & Development,Manufacturing Director,Other,3,1010,20,21,2,13,4,22,No,4,1,1,3,2,1,Yes
EMP1340,31,Female,Divorced,Human Resources,HR Manager,Human Resources,3,1620,14,17,10,13,9,23,No,1,3,4,3,6,3,Yes
EMP1341,26,Male,Divorced,Research & Development,Manufacturing Director,Technical Degree,1,16463,11,34,18,8,2,2,Yes,3,4,1,3,2,1,Yes
EMP1342,49,Female,Married,Research & Development,Laboratory Technician,Human Resources,1,14485,16,15,15,1,5,7,No,2,4,1,3,4,1,No
EMP1343,23,Male,Married,Sales,Sales Executive,Human Resources,5,13374,25,38,10,5,5,17,Yes,2,1,3,3,1,3,Yes
EMP1344,42,Male,Married,Research & Development,Research Scientist,Marketing,4,5815,17,3,3,15,9,7,No,2,3,3,3,2,3,No
EMP1345,52,Male,Single,Sales,Sales Executive,Marketing,4,14826,15,5,5,29,7,29,No,1,4,2,3,2,2,No
EMP1346,45,Male,Married,Sales,Sales Representative,Medical,4,15574,15,34,10,15,5,25,No,4,4,3,3,4,2,No
EMP1347,50,Female,Single,Research & Development,Laboratory Technician,Technical Degree,4,9323,24,1,1,26,2,9,No,4,4,4,3,0,3,No
EMP1348,23,Female,Single,Sales,Sales Representative,Marketing,1,3500,24,20,15,2,0,21,No,2,1,1,3,4,2,No
EMP1349,41,Male,Divorced,Research & Development,Laboratory Technician,Marketing,3,12261,21,15,15,23,3,6,No,3,4,3,3,6,1,No
EMP1350,20,Male,Married,Research & Development,Research Scientist,Technical Degree,1,19707,22,5,2,2,1,3,Yes,2,3,3,3,4,3,No
EMP1351,23,Male,Divorced,Research & Development,Manufacturing Director,Technical Degree,3,14174,23,27,2,5,8,3,No,3,4,4,3,5,3,No
EMP1352,18,Female,Married,Sales,Sales Representative,Other,4,18951,11,9,0,0,9,20,No,2,3,4,3,2,0,No
EMP1353,32,Male,Divorced,Research & Development,Research Scientist,Other,2,17274,13,27,9,4,8,20,No,3,3,4,3,3,1,No
EMP1354,40,Female,Married,Sales,Sales Executive,Life Sciences,3,16886,13,19,14,22,8,24,No,2,1,3,3,2,2,Yes
EMP1355,37,Male,Married,Research & Development,Research Scientist,Human Resources,3,10250,19,6,0,19,5,27,No,2,2,4,3,0,3,Yes
EMP1356,49,Male,Single,Research & Development,Research Scientist,Medical,3,3510,24,32,6,22,5,14,Yes,3,3,2,3,4,0,Yes
EMP1357,57,Male,Divorced,Research & Development,Manufacturing Director,Life Sciences,4,19043,16,38,10,24,6,18,No,1,3,1,4,2,0,No
EMP1358,57,Male,Single,Sales,Manager,Human Resources,2,11201,17,34,18,16,4,3,Yes,1,1,2,4,6,1,Yes
EMP1359,56,Female,Single,Human Resources,Human Resources,Life Sciences,5,13132,18,36,14,18,5,17,No,2,1,1,3,1,1,Yes
EMP1360,23,Male,Single,Sales,Sales Representative,Medical,1,11899,15,22,11,0,0,7,Yes,1,1,3,3,6,2,Yes
EMP1361,52,Male,Single,Sales,Manager,Human Resources,4,12823,22,39,17,20,6,27,No,3,3,4,3,1,2,No
EMP1362,37,Male,Divorced,Sales,Manager,Human Resources,1,5641,17,26,8,19,1,20,No,1,4,3,3,0,0,No
EMP1363,42,Male,Single,Research & Development,Research Scientist,Other,5,5347,21,10,8,24,2,17,Yes,1,4,2,3,1,0,No
EMP1364,40,Male,Divorced,Research & Development,Research Director,Technical Degree,5,19636,11,24,4,22,1,23,Yes,2,3,4,3,5,0,No
EMP1365,26,Female,Single,Research & Development,Manufacturing Director,Medical,5,15946,20,3,3,8,8,9,Yes,1,1,4,4,2,3,Yes
EMP1366,30,Male,Divorced,Research & Development,Research Scientist,Marketing,1,10683,11,21,5,2,8,5,No,1,3,1,3,3,3,Yes
EMP1367,19,Female,Single,Sales,Sales Executive,Technical Degree,3,10853,12,30,8,1,4,1,No,4,3,1,3,6,2,No
EMP1368,34,Female,Married,Sales,Sales Executive,Other,3,15145,24,8,7,4,9,23,No,4,4,4,3,4,1,No
EMP1369,60,Male,Single,Research & Development,Research Director,Human Resources,1,3898,23,6,6,13,7,9,No,1,3,4,3,0,0,No
EMP1370,31,Female,Divorced,Research & Development,Manufacturing Director,Medical,5,6530,14,36,9,13,0,24,No,1,3,4,3,2,2,Yes
EMP1371,33,Female,Married,Research & Development,Research Scientist,Medical,1,19503,19,21,7,15,8,9,Yes,4,4,1,3,6,3,No
EMP1372,44,Female,Divorced,Research & Development,Manufacturing Director,Other,2,6474,13,23,17,23,8,4,No,2,2,1,3,1,1,Yes
EMP1373,45,Female,Divorced,Research & Development,Manufacturing Director,Other,3,14850,15,31,13,27,3,18,No,1,4,3,3,3,2,No
EMP1374,54,Male,Single,Research & Development,Laboratory Technician,Marketing,2,3668,12,30,10,36,7,23,No,3,2,4,3,2,0,No
EMP1375,51,Female,Married,Research & Development,Laboratory Technician,Marketing,1,4869,23,39,15,27,5,12,No,3,2,3,3,0,2,No
EMP1376,25,Female,Single,Research & Development,Research Director,Other,1,2641,23,36,6,7,0,7,No,2,1,1,3,0,2,Yes
EMP1377,58,Male,Single,Sales,Sales Representative,Human Resources,3,18751,19,13,9,27,9,2,No,2,4,4,3,5,2,No
EMP1378,21,Female,Single,Research & Development,Research Scientist,Medical,2,10839,17,35,0,3,8,12,Yes,3,2,4,3,3,3,No
EMP1379,38,Male,Married,Sales,Sales Representative,Medical,5,6063,22,25,1,20,6,27,No,4,4,3,4,5,1,No
EMP1380,58,Female,Divorced,Research & Development,Laboratory Technician,Marketing,5,19797,19,4,3,2,2,21,No,2,3,4,3,6,2,Yes
EMP1381,23,Female,Divorced,Research & Development,Manufacturing Director,Other,2,19263,13,15,0,5,2,3,No,4,3,3,3,3,3,No
EMP1382,56,Female,Married,Research & Development,Research Director,Other,4,1091,20,28,17,38,9,26,No,1,4,3,3,5,0,No
EMP1383,47,Male,Single,Research & Development,Manufacturing Director,Human Resources,3,10804,19,6,6,29,4,14,No,2,3,2,3,4,1,No
EMP1384,33,Female,Married,Research & Development,Manufacturing Director,Technical Degree,4,15242,21,22,12,15,9,10,No,1,4,1,3,2,1,No
EMP1385,32,Female,Divorced,Human Resources,HR Manager,Technical Degree,1,12028,17,26,18,14,0,28,Yes,2,1,3,3,3,1,No
EMP1386,40,Female,Married,Sales,Manager,Life Sciences,1,2573,15,7,3,4,4,25,No,3,4,4,4,4,1,No
EMP1387,60,Female,Single,Sales,Manager,Medical,3,12978,12,29,16,34,7,21,No,3,1,2,3,2,3,Yes
EMP1388,59,Female,Single,Research & Development,Laboratory Technician,Medical,2,18585,25,23,11,26,7,10,No,1,3,4,3,2,0,No
EMP1389,27,Male,Single,Research & Development,Manufacturing Director,Technical Degree,2,8818,21,13,9,9,9,13,No,3,1,4,3,3,0,No
EMP1390,49,Male,Married,Research & Development,Research Director,Life Sciences,5,12454,12,20,18,1,6,12,No,1,2,4,4,0,3,Yes
EMP1391,42,Female,Married,Sales,Sales Executive,Human Resources,1,2297,22,6,6,24,8,16,No,4,4,3,3,3,1,No
EMP1392,24,Male,Divorced,Research & Development,Laboratory Technician,Marketing,5,8753,14,35,18,6,6,26,No,4,2,3,4,3,2,No
EMP1393,56,Male,Married,Research & Development,Research Director,Medical,2,18506,14,34,6,4,1,27,Yes,1,2,2,3,6,0,Yes
EMP1394,21,Male,Married,Research & Development,Manufacturing Director,Other,3,8437,18,27,12,3,9,24,No,2,3,4,3,3,0,No
EMP1395,19,Male,Divorced,Sales,Manager,Life Sciences,4,8490,21,23,13,1,5,28,No,2,4,1,3,1,3,No
EMP1396,48,Male,Single,Research & Development,Manufacturing Director,Human Resources,5,13799,21,27,18,20,1,6,Yes,2,2,2,3,2,1,No
EMP1397,42,Female,Divorced,Sales,Sales Executive,Human Resources,5,5817,22,21,9,11,6,9,No,3,4,3,3,2,1,No
EMP1398,38,Male,Divorced,Sales,Sales Executive,Life Sciences,5,12235,19,5,5,20,0,5,No,4,2,1,3,1,0,Yes
EMP1399,45,Female,Married,Research & Development,Research Scientist,Life Sciences,3,13526,25,8,5,7,4,11,Yes,1,3,2,3,0,0,Yes
EMP1400,28,Male,Single,Research & Development,Research Director,Life Sciences,5,16792,12,25,9,10,7,22,No,4,1,1,4,3,1,Yes
EMP1401,56,Female,Divorced,Research & Development,Research Director,Technical Degree,1,14641,19,11,3,36,4,22,No,1,3,4,3,0,3,Yes
EMP1402,32,Female,Married,Research & Development,Laboratory Technician,Other,3,14136,21,16,13,14,3,23,No,1,1,4,3,4,0,No
EMP1403,34,Female,Divorced,Research & Development,Research Scientist,Life Sciences,2,10785,20,8,8,12,5,3,No,1,4,1,3,4,0,No
EMP1404,52,Female,Single,Sales,Sales Representative,Technical Degree,3,6748,17,7,7,8,5,25,No,1,2,4,3,1,0,Yes
EMP1405,45,Female,Married,Research & Development,Research Scientist,Marketing,5,1351,12,9,7,26,9,27,Yes,3,2,3,3,5,0,Yes
EMP1406,33,Male,Married,Research & Development,Manufacturing Director,Marketing,3,9322,11,24,18,9,1,24,Yes,3,1,1,4,2,0,No
EMP1407,33,Female,Married,Sales,Manager,Human Resources,5,16809,18,36,18,12,1,16,Yes,2,3,4,3,6,0,Yes
EMP1408,44,Female,Single,Research & Development,Research Scientist,Medical,3,13525,16,0,0,15,8,21,Yes,4,3,2,3,4,1,Yes
EMP1409,53,Female,Married,Sales,Manager,Technical Degree,4,15282,22,3,0,35,9,21,No,2,3,3,4,6,3,No
EMP1410,32,Male,Single,Research & Development,Research Director,Medical,2,6810,23,16,16,14,5,9,No,4,3,4,4,0,0,No
EMP1411,52,Female,Divorced,Research & Development,Manufacturing Director,Medical,1,18749,24,5,5,34,9,15,No,3,3,2,3,6,2,No
EMP1412,37,Male,Single,Research & Development,Research Director,Life Sciences,1,16872,18,36,15,19,6,12,No,4,3,3,3,2,1,No
EMP1413,47,Male,Married,Sales,Sales Representative,Human Resources,3,9802,22,1,1,26,6,1,No,3,4,3,3,3,1,Yes
EMP1414,51,Female,Single,Sales,Sales Representative,Human Resources,4,15450,17,29,14,31,6,29,No,4,1,2,3,1,1,No
EMP1415,29,Male,Divorced,Research & Development,Research Director,Life Sciences,1,15354,25,15,11,11,6,2,Yes,4,2,2,3,4,1,Yes
EMP1416,32,Male,Single,Sales,Sales Executive,Medical,5,8538,25,16,8,14,3,9,No,4,1,4,3,5,0,No
EMP1417,59,Female,Divorced,Sales,Sales Representative,Technical Degree,3,5615,17,38,9,16,0,2,Yes,3,2,4,3,6,2,No
EMP1418,53,Female,Single,Research & Development,Research Director,Life Sciences,1,19970,23,40,16,20,2,10,No,3,2,3,3,4,0,No
EMP1419,46,Male,Married,Research & Development,Manufacturing Director,Marketing,1,16726,20,35,13,10,3,2,No,4,4,1,3,5,1,Yes
EMP1420,22,Male,Divorced,Research & Development,Research Scientist,Other,3,19365,14,25,13,4,8,29,No,2,4,4,3,3,0,No
EMP1421,37,Male,Divorced,Research & Development,Research Director,Life Sciences,4,19930,19,25,9,19,8,6,No,4,1,2,3,4,0,Yes
EMP1422,38,Male,Divorced,Sales,Sales Executive,Technical Degree,3,12100,15,5,4,17,7,29,No,2,2,1,3,2,2,Yes
EMP1423,35,Male,Single,Research & Development,Laboratory Technician,Marketing,4,14609,15,8,8,10,9,22,No,1,1,3,3,3,2,No
EMP1424,32,Male,Married,Research & Development,Research Director,Human Resources,3,10588,17,34,6,14,8,23,Yes,3,4,2,4,1,0,Yes
EMP1425,23,Female,Divorced,Research & Development,Manufacturing Director,Medical,2,5418,12,25,15,5,0,12,Yes,3,1,4,3,5,3,No
EMP1426,48,Male,Married,Research & Development,Research Scientist,Life Sciences,5,5291,18,2,2,17,2,23,No,2,3,2,3,4,0,No
EMP1427,30,Male,Divorced,Research & Development,Manufacturing Director,Life Sciences,3,18557,18,40,11,12,9,26,No,1,1,4,3,5,0,No
EMP1428,19,Female,Married,Research & Development,Research Director,Marketing,1,11159,12,11,9,1,5,5,No,4,2,4,3,4,1,No
EMP1429,59,Female,Single,Research & Development,Research Director,Other,4,16117,15,30,5,33,5,7,No,3,3,2,3,6,3,No
EMP1430,56,Female,Married,Human Resources,HR Manager,Life Sciences,3,14316,21,19,7,18,4,8,No,1,2,1,3,4,0,Yes
EMP1431,48,Male,Divorced,Research & Development,Research Director,Life Sciences,1,19608,25,18,0,25,2,14,No,4,3,4,3,2,1,No
EMP1432,26,Male,Single,Sales,Sales Representative,Medical,4,8576,12,3,2,8,7,5,No,3,1,1,3,1,0,Yes
EMP1433,29,Female,Married,Research & Development,Research Scientist,Marketing,4,19738,22,0,0,11,9,11,No,3,2,2,3,4,2,No
EMP1434,28,Male,Divorced,Sales,Manager,Marketing,5,14681,17,26,15,10,2,1,No,1,3,2,4,1,1,No
EMP1435,33,Male,Divorced,Research & Development,Research Scientist,Medical,2,19449,24,1,1,15,1,14,Yes,1,4,3,3,6,2,Yes
EMP1436,50,Female,Married,Research & Development,Manufacturing Director,Other,1,10319,24,11,7,32,5,15,Yes,4,2,1,3,6,2,Yes
EMP1437,30,Female,Divorced,Sales,Sales Executive,Life Sciences,3,11477,14,13,13,12,5,8,No,3,2,4,3,3,1,Yes
EMP1438,32,Male,Married,Sales,Sales Representative,Marketing,2,7831,18,3,3,1,4,5,No,4,3,1,3,6,2,No
EMP1439,52,Male,Single,Research & Development,Research Director,Medical,2,12374,24,2,2,31,5,5,No,4,1,2,3,0,0,No
EMP1440,41,Female,Single,Research & Development,Manufacturing Director,Human Resources,3,2723,13,17,4,23,9,3,Yes,3,3,4,3,4,2,No
EMP1441,26,Female,Divorced,Research & Development,Research Scientist,Life Sciences,5,3995,22,15,11,7,1,9,No,3,2,3,3,4,3,No
EMP1442,49,Female,Married,Research & Development,Manufacturing Director,Life Sciences,4,15172,22,14,5,8,6,27,No,2,3,4,3,0,3,No
EMP1443,22,Female,Single,Research & Development,Manufacturing Director,Marketing,2,1312,19,0,0,4,5,2,No,1,3,1,3,4,3,No
EMP1444,60,Female,Single,Research & Development,Research Director,Marketing,2,8079,12,27,0,13,6,10,No,1,1,1,3,5,0,No
EMP1445,49,Male,Single,Research & Development,Research Scientist,Marketing,4,4763,19,24,7,26,5,24,No,1,4,4,3,0,2,No
EMP1446,20,Female,Married,Human Resources,Human Resources,Technical Degree,5,18582,24,10,10,2,7,23,No,1,1,4,4,1,0,No
EMP1447,25,Female,Single,Research & Development,Manufacturing Director,Other,2,16020,14,13,11,7,0,23,No,1,4,2,3,4,0,No
EMP1448,51,Male,Divorced,Research & Development,Manufacturing Director,Marketing,3,10316,17,38,17,33,9,9,Yes,4,1,3,3,0,3,No
EMP1449,44,Female,Married,Research & Development,Research Scientist,Life Sciences,1,14934,12,19,11,26,3,10,No,3,3,4,3,6,0,No
EMP1450,31,Male,Divorced,Research & Development,Laboratory Technician,Life Sciences,2,12461,21,33,11,6,3,16,No,2,2,4,3,0,1,No
EMP1451,53,Female,Single,Research & Development,Laboratory Technician,Marketing,3,18949,15,30,4,20,5,5,Yes,1,2,3,3,6,2,Yes
EMP1452,21,Male,Divorced,Human Resources,HR Manager,Other,1,19476,15,37,17,3,7,17,No,4,4,4,3,1,3,No
EMP1453,18,Male,Divorced,Sales,Sales Representative,Medical,1,1910,18,1,1,0,3,20,Yes,2,3,2,3,0,2,Yes
EMP1454,54,Female,Married,Research & Development,Research Director,Technical Degree,4,6009,23,32,15,36,2,11,No,3,1,4,3,3,2,No
EMP1455,18,Male,Single,Sales,Sales Executive,Medical,3,2285,20,23,12,0,5,22,No,4,1,2,3,4,0,Yes
EMP1456,51,Male,Married,Research & Development,Laboratory Technician,Life Sciences,4,14199,15,27,1,31,8,16,No,1,2,2,3,4,2,No
EMP1457,20,Male,Married,Research & Development,Research Director,Life Sciences,3,5614,15,30,12,2,2,5,No,3,3,3,3,6,1,No
EMP1458,43,Male,Married,Sales,Sales Executive,Medical,4,3525,20,19,11,16,6,13,Yes,1,1,1,3,5,0,No
EMP1459,56,Male,Married,Research & Development,Research Director,Life Sciences,1,9649,21,29,2,19,6,28,No,1,1,2,3,5,1,No
EMP1460,44,Female,Single,Research & Development,Laboratory Technician,Life Sciences,2,9588,12,5,5,0,8,28,Yes,1,1,1,4,5,2,No
EMP1461,39,Male,Married,Research & Development,Laboratory Technician,Other,1,15588,11,37,0,21,4,19,No,4,1,3,3,6,3,Yes
EMP1462,60,Male,Single,Research & Development,Research Director,Life Sciences,2,4435,16,16,11,38,2,25,No,4,3,3,3,3,3,No
EMP1463,21,Male,Single,Research & Development,Manufacturing Director,Medical,4,9709,22,16,16,3,3,4,No,4,1,2,3,3,2,Yes
EMP1464,58,Male,Single,Research & Development,Manufacturing Director,Technical Degree,1,8353,16,10,10,25,8,23,No,4,3,2,4,0,3,Yes
EMP1465,20,Female,Divorced,Sales,Manager,Marketing,3,14345,18,6,5,2,0,1,No,4,1,4,4,2,2,No
EMP1466,56,Female,Divorced,Sales,Manager,Other,5,18009,12,37,8,3,6,8,No,1,4,1,4,6,0,No
EMP1467,47,Male,Married,Research & Development,Research Scientist,Technical Degree,2,16753,18,20,18,29,1,4,No,2,2,1,3,0,0,No
EMP1468,45,Female,Divorced,Research & Development,Research Scientist,Life Sciences,2,4050,21,17,9,27,3,8,No,3,3,4,3,1,2,No
EMP1469,39,Male,Divorced,Research & Development,Laboratory Technician,Life Sciences,4,1877,13,13,7,21,9,26,No,1,1,3,3,4,3,Yes
EMP1470,40,Male,Divorced,Sales,Sales Representative,Human Resources,4,15963,18,15,3,12,4,5,No,2,3,4,3,4,1,No
